# No Man's Fly WorldPack v2 normalized UV sphere
v -0.00000000 -0.00000000 1.00277755
v -0.00000000 -0.00000000 1.00277995
v -0.00000000 -0.00000000 1.00279043
v -0.00000000 -0.00000000 1.00281755
v -0.00000000 -0.00000000 1.00286184
v -0.00000000 -0.00000000 1.00290895
v -0.00000000 -0.00000000 1.00293813
v -0.00000000 -0.00000000 1.00293652
v -0.00000000 -0.00000000 1.00290937
v -0.00000000 -0.00000000 1.00289245
v -0.00000000 -0.00000000 1.00296220
v -0.00000000 -0.00000000 1.00318861
v -0.00000000 -0.00000000 1.00350328
v -0.00000000 -0.00000000 1.00367595
v -0.00000000 -0.00000000 1.00355158
v -0.00000000 -0.00000000 1.00323435
v 0.00000000 -0.00000000 1.00293163
v 0.00000000 -0.00000000 1.00273080
v 0.00000000 -0.00000000 1.00260661
v 0.00000000 -0.00000000 1.00251491
v 0.00000000 -0.00000000 1.00243304
v 0.00000000 -0.00000000 1.00235604
v 0.00000000 -0.00000000 1.00228656
v 0.00000000 -0.00000000 1.00222958
v 0.00000000 -0.00000000 1.00219017
v 0.00000000 -0.00000000 1.00217228
v 0.00000000 -0.00000000 1.00217782
v 0.00000000 -0.00000000 1.00220619
v 0.00000000 -0.00000000 1.00225443
v 0.00000000 -0.00000000 1.00231794
v 0.00000000 -0.00000000 1.00239150
v 0.00000000 -0.00000000 1.00247083
v 0.00000000 0.00000000 1.00255590
v 0.00000000 0.00000000 1.00264383
v 0.00000000 0.00000000 1.00278885
v 0.00000000 0.00000000 1.00302552
v 0.00000000 0.00000000 1.00335114
v 0.00000000 0.00000000 1.00362679
v 0.00000000 0.00000000 1.00364642
v 0.00000000 0.00000000 1.00339377
v 0.00000000 0.00000000 1.00307550
v 0.00000000 0.00000000 1.00287407
v 0.00000000 0.00000000 1.00279806
v 0.00000000 0.00000000 1.00278017
v 0.00000000 0.00000000 1.00277750
v 0.00000000 0.00000000 1.00277725
v 0.00000000 0.00000000 1.00277724
v 0.00000000 0.00000000 1.00277723
v 0.00000000 0.00000000 1.00277723
v -0.00000000 0.00000000 1.00277723
v -0.00000000 0.00000000 1.00277723
v -0.00000000 0.00000000 1.00277723
v -0.00000000 0.00000000 1.00277723
v -0.00000000 0.00000000 1.00277723
v -0.00000000 0.00000000 1.00277723
v -0.00000000 0.00000000 1.00277723
v -0.00000000 0.00000000 1.00277723
v -0.00000000 0.00000000 1.00277723
v -0.00000000 0.00000000 1.00277723
v -0.00000000 0.00000000 1.00277723
v -0.00000000 0.00000000 1.00277723
v -0.00000000 0.00000000 1.00277723
v -0.00000000 0.00000000 1.00277723
v -0.00000000 0.00000000 1.00277725
v -0.00000000 0.00000000 1.00277747
v -0.09844711 -0.00000000 0.99955027
v -0.09807810 -0.00965985 1.00062191
v -0.09677673 -0.01925009 1.00184069
v -0.09431066 -0.02860883 1.00063940
v -0.09094018 -0.03766866 0.99940648
v -0.08663481 -0.04630727 0.99738838
v -0.08159630 -0.05452090 0.99638172
v -0.07574923 -0.06216579 0.99493461
v -0.06925735 -0.06925735 0.99444899
v -0.06226780 -0.07587354 0.99656729
v -0.05473323 -0.08191406 1.00026194
v -0.04659525 -0.08717359 1.00359106
v -0.03780368 -0.09126616 1.00298886
v -0.02860215 -0.09428864 1.00040573
v -0.01913346 -0.09619042 0.99577115
v -0.00958024 -0.09726983 0.99237571
v 0.00000000 -0.09740361 0.98895548
v 0.00953406 -0.09680092 0.98759178
v 0.01900479 -0.09554351 0.98907429
v 0.02831377 -0.09333800 0.99031947
v 0.03732677 -0.09011479 0.99033561
v 0.04595123 -0.08596870 0.98971972
v 0.05426321 -0.08121063 0.99167228
v 0.06224778 -0.07584914 0.99624682
v 0.06937336 -0.06937336 0.99611481
v 0.07585247 -0.06225051 0.99629056
v 0.08162441 -0.05453969 0.99672499
v 0.08652772 -0.04625003 0.99615545
v 0.09037141 -0.03743306 0.99315578
v 0.09364728 -0.02840759 0.99360096
v 0.09608222 -0.01911194 0.99465108
v 0.09748735 -0.00960167 0.99459497
v 0.09807313 0.00000000 0.99575319
v 0.09774930 0.00962747 0.99726744
v 0.09660921 0.01921677 1.00010649
v 0.09449125 0.02866361 1.00255550
v 0.09146853 0.03788751 1.00521283
v 0.08735356 0.04669145 1.00566299
v 0.08244807 0.05509004 1.00678284
v 0.07678873 0.06301888 1.00858793
v 0.07021516 0.07021516 1.00820199
v 0.06293228 0.07668321 1.00720202
v 0.05506624 0.08241245 1.00634778
v 0.04675440 0.08747133 1.00701887
v 0.03793559 0.09158462 1.00648867
v 0.02882068 0.09500904 1.00804923
v 0.01937755 0.09741752 1.00847428
v 0.00971919 0.09868059 1.00676867
v 0.00000000 0.09923340 1.00753365
v -0.00975518 0.09904596 1.01049631
v -0.01939282 0.09749428 1.00926885
v -0.02878031 0.09487597 1.00663737
v -0.03789924 0.09149686 1.00552421
v -0.04671884 0.08740481 1.00625299
v -0.05507519 0.08242585 1.00651149
v -0.06300162 0.07676769 1.00831168
v -0.07038903 0.07038903 1.01069862
v -0.07691903 0.06312582 1.01029942
v -0.08271027 0.05526523 1.00998450
v -0.08767903 0.04686542 1.00940995
v -0.09171010 0.03798757 1.00786762
v -0.09474890 0.02874177 1.00528917
v -0.09681213 0.01925713 1.00220721
v -0.09805904 0.00965797 1.00042749
v -0.09846779 0.00000000 0.99976026
v -0.19651016 -0.00000000 0.98792328
v -0.19479083 -0.01918522 0.98401796
v -0.19232421 -0.03825566 0.98582139
v -0.18818222 -0.05708445 0.98862581
v -0.18200343 -0.07538829 0.99038132
v -0.17299168 -0.09246598 0.98612872
v -0.16188987 -0.10817135 0.97883955
v -0.14977991 -0.12292120 0.97410643
v -0.13662017 -0.13662017 0.97133277
v -0.12278069 -0.14960871 0.97299302
v -0.10720149 -0.16043837 0.97006330
v -0.09106266 -0.17036626 0.97116267
v -0.07336817 -0.17712644 0.96384290
v -0.05585235 -0.18412053 0.96728747
v -0.03743768 -0.18821193 0.96474255
v -0.01866575 -0.18951657 0.95737415
v 0.00000000 -0.18973965 0.95388564
v 0.01862351 -0.18908768 0.95520756
v 0.03733418 -0.18769162 0.96207549
v 0.05572099 -0.18368749 0.96501248
v 0.07341086 -0.17722949 0.96440369
v 0.09099639 -0.17024227 0.97045589
v 0.10765149 -0.16111184 0.97413531
v 0.12282907 -0.14966765 0.97337637
v 0.13775792 -0.13775792 0.97942184
v 0.15048758 -0.12350197 0.97870883
v 0.16118164 -0.10769813 0.97455736
v 0.17079309 -0.09129081 0.97359580
v 0.17840629 -0.07389830 0.97080728
v 0.18456726 -0.05598787 0.96963443
v 0.18984246 -0.03776201 0.97310033
v 0.19385402 -0.01909295 0.97928548
v 0.19508165 0.00000000 0.98074168
v 0.19388903 0.01909640 0.97946234
v 0.19128262 0.03804848 0.98048239
v 0.18745955 0.05686523 0.98482923
v 0.18158555 0.07521520 0.98810740
v 0.17391227 0.09295804 0.99137650
v 0.16488798 0.11017462 0.99696708
v 0.15381868 0.12623573 1.00037292
v 0.14021705 0.14021705 0.99690559
v 0.12551246 0.15293738 0.99464130
v 0.10998189 0.16459952 0.99522300
v 0.09351901 0.17496176 0.99735906
v 0.07595691 0.18337620 0.99785134
v 0.05768768 0.19017079 0.99907285
v 0.03867923 0.19445361 0.99673633
v 0.01938033 0.19677180 0.99402512
v 0.00000000 0.19807084 0.99576938
v -0.01951334 0.19812231 1.00084747
v -0.03880511 0.19508645 0.99998018
v -0.05786188 0.19074504 1.00208974
v -0.07621725 0.18400472 1.00127145
v -0.09331920 0.17458795 0.99522819
v -0.11011336 0.16479629 0.99641273
v -0.12607714 0.15362544 0.99911614
v -0.14073721 0.14073721 1.00060380
v -0.15379542 0.12621664 1.00022167
v -0.16570240 0.11071881 1.00189137
v -0.17568355 0.09390481 1.00147356
v -0.18405148 0.07623662 1.00152588
v -0.19030787 0.05772926 0.99979304
v -0.19354326 0.03849815 0.99207002
v -0.19530888 0.01923625 0.98663497
v -0.19652952 0.00000000 0.98802061
v -0.29246146 -0.00000000 0.96411622
v -0.28961167 -0.02852426 0.95934121
v -0.28461864 -0.05661417 0.95664355
v -0.27727195 -0.08410953 0.95517254
v -0.26837708 -0.11116543 0.95761476
v -0.25378898 -0.13565304 0.94864495
v -0.23804390 -0.15905585 0.94378143
v -0.22070980 -0.18113185 0.94123268
v -0.20121236 -0.20121236 0.93805955
v -0.18027326 -0.21966361 0.93677113
v -0.15756986 -0.23581996 0.93496407
v -0.13310718 -0.24902602 0.93084134
v -0.10776334 -0.26016371 0.92830805
v -0.08156445 -0.26888197 0.92626993
v -0.05512160 -0.27711499 0.93142273
v -0.02778305 -0.28208607 0.93441261
v 0.00000000 -0.28218818 0.93024976
v 0.02789108 -0.28318289 0.93804582
v 0.05563611 -0.27970163 0.94011678
v 0.08234770 -0.27146398 0.93516467
v 0.10915770 -0.26353000 0.94031956
v 0.13561511 -0.25371803 0.94837973
v 0.16078696 -0.24063469 0.95405322
v 0.18420299 -0.22445200 0.95719155
v 0.20428609 -0.20428609 0.95238936
v 0.22278922 -0.18283838 0.95010050
v 0.23978118 -0.16021666 0.95066929
v 0.25431535 -0.13593439 0.95061248
v 0.26804413 -0.11102751 0.95642673
v 0.27777540 -0.08426225 0.95690685
v 0.28476521 -0.05664332 0.95713619
v 0.28724345 -0.02829101 0.95149646
v 0.28863508 0.00000000 0.95150233
v 0.28814361 0.02837967 0.95447827
v 0.28465797 0.05662199 0.95677575
v 0.27653229 0.08388515 0.95262450
v 0.26704093 0.11061197 0.95284712
v 0.25651208 0.13710856 0.95882369
v 0.24298878 0.16235991 0.96338657
v 0.22674687 0.18608634 0.96697818
v 0.20773575 0.20773575 0.96847183
v 0.18662407 0.22740209 0.96977243
v 0.16355630 0.24477929 0.97048549
v 0.13915091 0.26033304 0.97310616
v 0.11330201 0.27353524 0.97601993
v 0.08583651 0.28296504 0.97478464
v 0.05767146 0.28993400 0.97450924
v 0.02902261 0.29467151 0.97610199
v 0.00000000 0.29633294 0.97687877
v -0.02919280 0.29639952 0.98182602
v -0.05798464 0.29150845 0.97980119
v -0.08606423 0.28371576 0.97737076
v -0.11339470 0.27375903 0.97681844
v -0.13965851 0.26128269 0.97665589
v -0.16517848 0.24720706 0.98011093
v -0.18849951 0.22968732 0.97951797
v -0.20977245 0.20977245 0.97796700
v -0.22912818 0.18804064 0.97713345
v -0.24713262 0.16512873 0.97981579
v -0.26239227 0.14025159 0.98080341
v -0.27463643 0.11375813 0.97994915
v -0.28304015 0.08585929 0.97504338
v -0.28975546 0.05763595 0.97390915
v -0.29286069 0.02884426 0.97010362
v -0.29286166 0.00000000 0.96543551
v -0.38916598 -0.00000000 0.93952978
v -0.38320816 -0.03774271 0.92962273
v -0.37404214 -0.07440161 0.92070878
v -0.36364164 -0.11030949 0.91741204
v -0.34968068 -0.14484248 0.91375966
v -0.33208139 -0.17750120 0.90905551
v -0.31251233 -0.20881406 0.90739517
v -0.29183574 -0.23950340 0.91144149
v -0.26565907 -0.26565907 0.90701680
v -0.23871986 -0.29088099 0.90845967
v -0.21017630 -0.31455106 0.91331473
v -0.17688746 -0.33093316 0.90591229
v -0.14243653 -0.34387221 0.89858139
v -0.10810851 -0.35638598 0.89910712
v -0.07253480 -0.36465708 0.89760734
v -0.03659707 -0.37157624 0.90140490
v 0.00000000 -0.37329706 0.90121881
v 0.03667033 -0.37232008 0.90320938
v 0.07310511 -0.36752421 0.90466482
v 0.10957593 -0.36122344 0.91131128
v 0.14387851 -0.34735344 0.90767828
v 0.17730100 -0.33170683 0.90803019
v 0.20931466 -0.31326153 0.90957050
v 0.24107552 -0.29375137 0.91742426
v 0.27008452 -0.27008452 0.92212625
v 0.29511960 -0.24219840 0.92169744
v 0.31735344 -0.21204879 0.92145158
v 0.33416964 -0.17861739 0.91477200
v 0.35268296 -0.14608606 0.92160498
v 0.36555427 -0.11088967 0.92223730
v 0.37517902 -0.07462775 0.92350722
v 0.38048972 -0.03747497 0.92302808
v 0.38121238 0.00000000 0.92032810
v 0.37921782 0.03734970 0.91994259
v 0.37255098 0.07410500 0.91703827
v 0.36354536 0.11028028 0.91716913
v 0.35244392 0.14598705 0.92098036
v 0.33577559 0.17947579 0.91916821
v 0.31954731 0.21351469 0.92782159
v 0.29833348 0.24483596 0.93173478
v 0.27357047 0.27357047 0.93402799
v 0.24556037 0.29921618 0.93449157
v 0.21453455 0.32107365 0.93225338
v 0.18168178 0.33990270 0.93046594
v 0.14815762 0.35768414 0.93467369
v 0.11276569 0.37173866 0.93783958
v 0.07610072 0.38258416 0.94173503
v 0.03823240 0.38818005 0.94168401
v 0.00000000 0.39488276 0.95333131
v -0.03865817 0.39250302 0.95217108
v -0.07709726 0.38759409 0.95406704
v -0.11443089 0.37722810 0.95168858
v -0.15006117 0.36227972 0.94668254
v -0.18401648 0.34427062 0.94242291
v -0.21654950 0.32408924 0.94100929
v -0.24701820 0.30099255 0.94003942
v -0.27435373 0.27435373 0.93670222
v -0.30053514 0.24664281 0.93861086
v -0.32487681 0.21707574 0.94329605
v -0.34586244 0.18486733 0.94678043
v -0.36448400 0.15097422 0.95244260
v -0.37724521 0.11443608 0.95173175
v -0.38654514 0.07688861 0.95148504
v -0.39066079 0.03847673 0.94770201
v -0.38943578 0.00000000 0.94018115
v -0.47633375 -0.00000000 0.89115777
v -0.47136464 -0.04642536 0.88612816
v -0.46242212 -0.09198148 0.88207986
v -0.44904020 -0.13621486 0.87789708
v -0.43071890 -0.17840961 0.87221154
v -0.41040238 -0.21936464 0.87060929
v -0.38731125 -0.25879310 0.87147909
v -0.36105317 -0.29630868 0.87383420
v -0.32973944 -0.32973944 0.87242707
v -0.29490714 -0.35934539 0.86970096
v -0.25925053 -0.38799583 0.87301946
v -0.21977884 -0.41117730 0.87225316
v -0.17709360 -0.42754178 0.86577782
v -0.13385013 -0.44124474 0.86265655
v -0.09027180 -0.45382699 0.86568447
v -0.04520371 -0.45896094 0.86281020
v 0.00000000 -0.45805847 0.85696713
v 0.04511292 -0.45803912 0.86107724
v 0.09032570 -0.45409797 0.86620137
v 0.13625991 -0.44918872 0.87818744
v 0.18033112 -0.43535782 0.88160542
v 0.22055065 -0.41262124 0.87531628
v 0.25996804 -0.38906967 0.87543568
v 0.29731558 -0.36228008 0.87680361
v 0.33064571 -0.33064571 0.87482489
v 0.36161300 -0.29676812 0.87518912
v 0.38888818 -0.25984677 0.87502730
v 0.41256181 -0.22051888 0.87519020
v 0.43284593 -0.17929065 0.87651879
v 0.44778408 -0.13583382 0.87544130
v 0.45837121 -0.09117570 0.87435266
v 0.46418388 -0.04571812 0.87262890
v 0.46705110 0.00000000 0.87379115
v 0.46509272 0.04580763 0.87433745
v 0.45801682 0.09110521 0.87367665
v 0.44630160 0.13538411 0.87254298
v 0.43328467 0.17947239 0.87740725
v 0.41592793 0.22231811 0.88233094
v 0.39226534 0.26210332 0.88262616
v 0.36554646 0.29999623 0.88470903
v 0.33508497 0.33508497 0.88657033
v 0.30191975 0.36789028 0.89038162
v 0.26566453 0.39759507 0.89461846
v 0.22620376 0.42319747 0.89775223
v 0.18339940 0.44276532 0.89660569
v 0.13982004 0.46092490 0.90113228
v 0.09400587 0.47259944 0.90149330
v 0.04714423 0.47866335 0.89984917
v 0.00000000 0.48290907 0.90345932
v -0.04736856 0.48094107 0.90413109
v -0.09443111 0.47473725 0.90557122
v -0.14017663 0.46210041 0.90343048
v -0.18510644 0.44688648 0.90495110
v -0.22702208 0.42472843 0.90099994
v -0.26691007 0.39945914 0.89881276
v -0.30481726 0.37142090 0.89892657
v -0.33826957 0.33826957 0.89499617
v -0.37144845 0.30483986 0.89899324
v -0.40230144 0.26880923 0.90520814
v -0.42551417 0.22744206 0.90266677
v -0.44508992 0.18436228 0.90131305
v -0.46130366 0.13993494 0.90187279
v -0.47119587 0.09372669 0.89881597
v -0.47739514 0.04701932 0.89746502
v -0.47671801 0.00000000 0.89187667
v -0.55441648 -0.00000000 0.82974290
v -0.55394724 -0.05455904 0.83305201
v -0.54518750 -0.10844454 0.83191578
v -0.53253453 -0.16154258 0.83285678
v -0.51534666 -0.21346357 0.83481747
v -0.49215781 -0.26306383 0.83518364
v -0.46079158 -0.30789109 0.82940293
v -0.42528519 -0.34902254 0.82338378
v -0.39025408 -0.39025408 0.82598063
v -0.35009889 -0.42659674 0.82592303
v -0.30611712 -0.45813665 0.82462418
v -0.26127895 -0.48881854 0.82951696
v -0.21250039 -0.51302133 0.83105064
v -0.16097182 -0.53065297 0.82991411
v -0.10798298 -0.54286708 0.82837500
v -0.05456460 -0.55400368 0.83313689
v 0.00000000 -0.55558010 0.83148438
v 0.05429705 -0.55128715 0.82905164
v 0.10772311 -0.54156065 0.82638148
v 0.15924622 -0.52496443 0.82101752
v 0.21003871 -0.50707831 0.82142346
v 0.25833311 -0.48330725 0.82016439
v 0.30574587 -0.45758102 0.82362408
v 0.34797331 -0.42400670 0.82090853
v 0.38811577 -0.38811577 0.82145486
v 0.42581464 -0.34945705 0.82440884
v 0.45767027 -0.30580550 0.82378472
v 0.48607273 -0.25981129 0.82485736
v 0.50810722 -0.21046490 0.82309020
v 0.52916747 -0.16052120 0.82759087
v 0.54644963 -0.10869559 0.83384171
v 0.55062212 -0.05423154 0.82805153
v 0.55376220 0.00000000 0.82876370
v 0.54895716 0.05406756 0.82554768
v 0.54166041 0.10774295 0.82653371
v 0.53144084 0.16121082 0.83114631
v 0.51514320 0.21337930 0.83448788
v 0.49139707 0.26265721 0.83389268
v 0.46455990 0.31040900 0.83618574
v 0.43355410 0.35580866 0.83939300
v 0.39632725 0.39632725 0.83883461
v 0.35599553 0.43378181 0.83983386
v 0.31312928 0.46863108 0.84351366
v 0.26675589 0.49906517 0.84690531
v 0.21659677 0.52291087 0.84707085
v 0.16441701 0.54201025 0.84767632
v 0.11078139 0.55693565 0.84984259
v 0.05561731 0.56469207 0.84921058
v 0.00000000 0.56985377 0.85284643
v -0.05611946 0.56979048 0.85687781
v -0.11205101 0.56331848 0.85958231
v -0.16671145 0.54957400 0.85950564
v -0.21936784 0.52960081 0.85790799
v -0.26951506 0.50422721 0.85566521
v -0.31676090 0.47406620 0.85329661
v -0.36054421 0.43932440 0.85056472
v -0.40032547 0.40032547 0.84729693
v -0.43940956 0.36061410 0.85072960
v -0.47167758 0.31516488 0.84899721
v -0.49762511 0.26598616 0.84446156
v -0.51857519 0.21480088 0.84004743
v -0.53398329 0.16198206 0.83512257
v -0.54606494 0.10861907 0.83325468
v -0.55018729 0.05418872 0.82739761
v -0.55414619 0.00000000 0.82933838
v -0.63183592 -0.00000000 0.76989429
v -0.63297146 -0.06234225 0.77500984
v -0.62348217 -0.12401831 0.77459892
v -0.61286177 -0.18590958 0.78037700
v -0.59390840 -0.24600491 0.78330503
v -0.56560040 -0.30231971 0.78145987
v -0.53409672 -0.35687202 0.78270899
v -0.49561803 -0.40674321 0.78124729
v -0.45458225 -0.45458225 0.78334714
v -0.40583829 -0.49451539 0.77950918
v -0.35511665 -0.53146962 0.77885902
v -0.30068450 -0.56254113 0.77723304
v -0.24565835 -0.59307171 0.78220151
v -0.18726910 -0.61734348 0.78608370
v -0.12564733 -0.63167176 0.78477347
v -0.06287426 -0.63837303 0.78162352
v 0.00000000 -0.63707241 0.77627498
v 0.06244930 -0.63405840 0.77634069
v 0.12471541 -0.62698671 0.77895287
v 0.18549363 -0.61149054 0.77863097
v 0.24257527 -0.58562852 0.77238470
v 0.29719001 -0.55600340 0.76820021
v 0.35163181 -0.52625419 0.77121590
v 0.40243489 -0.49036833 0.77297214
v 0.44930939 -0.44930939 0.77426081
v 0.48881758 -0.40116222 0.77052768
v 0.52521740 -0.35093904 0.76969650
v 0.55359106 -0.29590059 0.76486721
v 0.58272068 -0.24137081 0.76854955
v 0.60522192 -0.18359206 0.77064893
v 0.62501980 -0.12432417 0.77650924
v 0.63066162 -0.06211475 0.77218167
v 0.63174870 0.00000000 0.76978802
v 0.62686215 0.06174053 0.76752960
v 0.62173254 0.12367029 0.77242522
v 0.61142347 0.18547328 0.77854556
v 0.58979242 0.24430002 0.77787647
v 0.56474935 0.30186482 0.78028403
v 0.53396441 0.35678361 0.78251508
v 0.49627544 0.40728272 0.78228356
v 0.45350944 0.45350944 0.78149846
v 0.40617742 0.49492862 0.78016056
v 0.35689526 0.53413151 0.78275997
v 0.30416830 0.56905887 0.78623826
v 0.24688806 0.59604051 0.78611706
v 0.18688400 0.61607398 0.78446722
v 0.12595907 0.63323901 0.78672058
v 0.06384648 0.64824424 0.79370982
v 0.00000000 0.65464033 0.79768155
v -0.06443356 0.65420489 0.80100804
v -0.12896371 0.64834434 0.80548708
v -0.19062952 0.62842130 0.80018946
v -0.24944042 0.60220245 0.79424404
v -0.30617232 0.57280811 0.79141839
v -0.35957932 0.53814849 0.78864678
v -0.41119786 0.50104604 0.78980350
v -0.45830776 0.45830776 0.78976703
v -0.50129112 0.41139899 0.79018983
v -0.54062595 0.36123471 0.79227745
v -0.57143363 0.30543764 0.78951933
v -0.59499753 0.24645605 0.78474148
v -0.61171508 0.18556174 0.77891688
v -0.62191007 0.12370560 0.77264579
v -0.62671407 0.06172595 0.76734830
v -0.63122429 0.00000000 0.76914903
v -0.70681355 -0.00000000 0.70681355
v -0.70508413 -0.06944473 0.70849574
v -0.69753610 -0.13874856 0.71120164
v -0.68286781 -0.20714569 0.71359497
v -0.66127153 -0.27390764 0.71575515
v -0.63307214 -0.33838411 0.71783295
v -0.59743387 -0.39919255 0.71852760
v -0.55544041 -0.45583816 0.71854191
v -0.50763702 -0.50763702 0.71790716
v -0.45668167 -0.55646822 0.71987154
v -0.39975473 -0.59827523 0.71953950
v -0.33959472 -0.63533703 0.72040108
v -0.27666195 -0.66792104 0.72295252
v -0.21107098 -0.69580777 0.72711720
v -0.14171403 -0.71244454 0.72640215
v -0.07117521 -0.72265406 0.72615068
v 0.00000000 -0.72398086 0.72398086
v 0.07070322 -0.71786185 0.72133528
v 0.14004212 -0.70403927 0.71783222
v 0.20787550 -0.68527368 0.71610909
v 0.27470997 -0.66320855 0.71785176
v 0.33886638 -0.63397442 0.71885603
v 0.39591246 -0.59252487 0.71262360
v 0.44955014 -0.54777843 0.70863004
v 0.50239911 -0.50239911 0.71049964
v 0.54845306 -0.45010379 0.70950277
v 0.58558124 -0.39127288 0.70427257
v 0.62174931 -0.33233193 0.70499413
v 0.64550166 -0.26737554 0.69868597
v 0.66762557 -0.20252200 0.69766687
v 0.68549763 -0.13635396 0.69892732
v 0.69902376 -0.06884783 0.70240604
v 0.70486032 0.00000000 0.70486032
v 0.70304524 0.06924391 0.70644698
v 0.69583857 0.13841090 0.70947086
v 0.67946358 0.20611302 0.71003756
v 0.65346598 0.27067447 0.70730648
v 0.62573125 0.33446032 0.70950920
v 0.59448623 0.39722300 0.71498251
v 0.55360384 0.45433093 0.71616605
v 0.50623660 0.50623660 0.71592667
v 0.45278869 0.55172462 0.71373500
v 0.39702962 0.59419681 0.71463443
v 0.33662874 0.62978809 0.71410920
v 0.27261048 0.65813992 0.71236551
v 0.20682977 0.68182636 0.71250666
v 0.13939604 0.70079122 0.71452054
v 0.07082089 0.71905659 0.72253580
v 0.00000000 0.72555453 0.72555453
v -0.07116956 0.72259663 0.72609297
v -0.14168238 0.71228540 0.72623990
v -0.21150250 0.69723031 0.72860374
v -0.27879539 0.67307162 0.72852747
v -0.34302583 0.64175620 0.72767969
v -0.40307174 0.60323949 0.72550996
v -0.45962627 0.56005623 0.72451314
v -0.51246747 0.51246747 0.72473844
v -0.56009387 0.45965716 0.72456183
v -0.60080052 0.40144207 0.72257664
v -0.63746961 0.34073461 0.72281919
v -0.66443991 0.27522002 0.71918457
v -0.68465132 0.20768671 0.71545873
v -0.69742565 0.13872659 0.71108903
v -0.70550805 0.06948648 0.70892170
v -0.70710736 0.00000000 0.70710736
v -0.77743558 -0.00000000 0.63802489
v -0.77328986 -0.07616240 0.63769326
v -0.76175952 -0.15152339 0.63740749
v -0.74421414 -0.22575489 0.63824331
v -0.72012079 -0.29828380 0.63968065
v -0.69276700 -0.37029168 0.64465980
v -0.65470149 -0.43745755 0.64620476
v -0.60761098 -0.49865344 0.64507982
v -0.55879799 -0.55879799 0.64854938
v -0.50376392 -0.61383812 0.65169096
v -0.44000375 -0.65851215 0.64996597
v -0.37464919 -0.70091934 0.65224603
v -0.30500023 -0.73633568 0.65408428
v -0.23268424 -0.76705714 0.65783362
v -0.15697493 -0.78916625 0.66034026
v -0.07856477 -0.79768150 0.65780781
v 0.00000000 -0.79780645 0.65474283
v 0.07832089 -0.79520534 0.65576585
v 0.15508457 -0.77966279 0.65238817
v 0.23003588 -0.75832666 0.65034630
v 0.30342893 -0.73254223 0.65071457
v 0.37319500 -0.69819874 0.64971435
v 0.43987001 -0.65831199 0.64976841
v 0.49914778 -0.60821333 0.64571931
v 0.55490534 -0.55490534 0.64403151
v 0.60330167 -0.49511688 0.64050477
v 0.64897992 -0.43363452 0.64055745
v 0.68510380 -0.36619561 0.63752874
v 0.71379709 -0.29566444 0.63406333
v 0.74099569 -0.22477859 0.63548314
v 0.75778085 -0.15073198 0.63407831
v 0.76866592 -0.07570698 0.63388012
v 0.77358374 0.00000000 0.63486377
v 0.76815954 0.07565711 0.63346254
v 0.75797535 0.15077067 0.63424106
v 0.74124847 0.22485526 0.63569992
v 0.71882065 0.29774526 0.63852574
v 0.68687634 0.36714305 0.63917820
v 0.65214435 0.43574892 0.64368081
v 0.60794152 0.49892471 0.64543075
v 0.55413051 0.55413051 0.64313223
v 0.49505489 0.60322612 0.64042457
v 0.43299005 0.64801541 0.63960546
v 0.36609803 0.68492124 0.63735887
v 0.29694752 0.71689474 0.63681496
v 0.22628812 0.74597195 0.63975081
v 0.15197896 0.76404980 0.63932390
v 0.07674718 0.77922715 0.64258944
v 0.00000000 0.78420946 0.64358407
v -0.07671426 0.77889299 0.64231388
v -0.15367662 0.77258454 0.64646540
v -0.22919481 0.75555404 0.64796848
v -0.30235620 0.72995243 0.64841406
v -0.37333821 0.69846667 0.64996367
v -0.43991363 0.65837727 0.64983284
v -0.50078351 0.61020647 0.64783537
v -0.55861344 0.55861344 0.64833518
v -0.61108025 0.50150060 0.64876302
v -0.65641061 0.43859955 0.64789171
v -0.69348359 0.37067470 0.64532662
v -0.72578022 0.30062801 0.64470790
v -0.75037068 0.22762246 0.64352320
v -0.76696055 0.15255794 0.64175949
v -0.77556675 0.07638666 0.63957089
v -0.77735436 0.00000000 0.63795824
v -0.84428778 -0.00000000 0.56413506
v -0.83702050 -0.08243932 0.56198533
v -0.82145311 -0.16339718 0.55963056
v -0.80031472 -0.24277282 0.55881562
v -0.77421732 -0.32069132 0.55993824
v -0.74548232 -0.39846860 0.56480706
v -0.70807914 -0.47312336 0.56902062
v -0.65675450 -0.53898449 0.56768874
v -0.60094060 -0.60094060 0.56785719
v -0.53975834 -0.65769744 0.56850380
v -0.47456762 -0.71024064 0.57075763
v -0.40260792 -0.75322643 0.57067431
v -0.32987242 -0.79638248 0.57596877
v -0.25099933 -0.82743392 0.57775145
v -0.16866857 -0.84795418 0.57768492
v -0.08496549 -0.86266907 0.57920608
v 0.00000000 -0.86755827 0.57968390
v 0.08476069 -0.86058975 0.57781000
v 0.16738065 -0.84147937 0.57327383
v 0.24841665 -0.81891993 0.57180661
v 0.32642751 -0.78806572 0.56995383
v 0.40158886 -0.75131991 0.56922986
v 0.47355565 -0.70872612 0.56954054
v 0.54001520 -0.65801043 0.56877434
v 0.60239006 -0.60239006 0.56922685
v 0.65600333 -0.53836802 0.56703944
v 0.70181219 -0.46893591 0.56398443
v 0.74399199 -0.39767200 0.56367793
v 0.77768311 -0.32212689 0.56244480
v 0.80218021 -0.24333871 0.56011818
v 0.81965170 -0.16303886 0.55840332
v 0.83121410 -0.08186744 0.55808684
v 0.83340491 0.00000000 0.55686336
v 0.82406002 0.08116283 0.55328351
v 0.81543262 0.16219963 0.55552899
v 0.79916416 0.24242380 0.55801224
v 0.77320677 0.32027273 0.55920737
v 0.73813965 0.39454386 0.55924396
v 0.69575089 0.46488588 0.55911350
v 0.64700671 0.53098468 0.55926289
v 0.59289585 0.59289585 0.56025533
v 0.53138519 0.64749473 0.55968473
v 0.46495629 0.69585626 0.55919818
v 0.39584906 0.74058151 0.56109402
v 0.32079441 0.77446622 0.56011825
v 0.24210502 0.79811329 0.55727848
v 0.16342622 0.82159911 0.55973003
v 0.08240446 0.83666648 0.56174764
v 0.00000000 0.84291188 0.56321571
v -0.08247351 0.83736759 0.56221837
v -0.16410686 0.82502091 0.56206120
v -0.24496238 0.80753276 0.56385557
v -0.32523941 0.78519740 0.56787937
v -0.40335848 0.75463064 0.57173819
v -0.47142447 0.70553657 0.56697739
v -0.53552681 0.65254130 0.56404691
v -0.59505553 0.59505553 0.56229612
v -0.65141947 0.53460614 0.56307722
v -0.70464151 0.47082640 0.56625810
v -0.74474877 0.39807651 0.56425130
v -0.77938699 0.32283266 0.56367710
v -0.80418043 0.24394547 0.56151482
v -0.82471612 0.16404624 0.56185355
v -0.83556555 0.08229602 0.56100846
v -0.84435662 0.00000000 0.56418105
v -0.89486232 -0.00000000 0.47831388
v -0.88802499 -0.08746283 0.47695592
v -0.87069772 -0.17319255 0.47451531
v -0.85183974 -0.25840276 0.47580587
v -0.82336979 -0.34105094 0.47636116
v -0.78826360 -0.42133567 0.47774749
v -0.74900985 -0.50047238 0.48150179
v -0.69663032 -0.57170973 0.48169680
v -0.63773090 -0.63773090 0.48206901
v -0.57130079 -0.69613202 0.48135225
v -0.50073190 -0.74939825 0.48175147
v -0.42658819 -0.79809037 0.48370326
v -0.34808789 -0.84035850 0.48618999
v -0.26439828 -0.87160434 0.48684563
v -0.17770230 -0.89336980 0.48687120
v -0.08935465 -0.90723301 0.48727250
v 0.00000000 -0.91339043 0.48821736
v 0.08983230 -0.91208260 0.48987720
v 0.17862793 -0.89802325 0.48940725
v 0.26390014 -0.86996218 0.48592839
v 0.34668677 -0.83697591 0.48423298
v 0.42377330 -0.79282408 0.48051149
v 0.49861596 -0.74623152 0.47971574
v 0.56866480 -0.69292006 0.47913128
v 0.63461229 -0.63461229 0.47971162
v 0.69600120 -0.57119342 0.48126179
v 0.74164269 -0.49554980 0.47676580
v 0.78207627 -0.41802848 0.47399750
v 0.81647472 -0.33819490 0.47237201
v 0.84793408 -0.25721799 0.47362431
v 0.86982837 -0.17301962 0.47404153
v 0.87756482 -0.08643259 0.47133779
v 0.88221026 0.00000000 0.47155121
v 0.88153230 0.08682335 0.47346871
v 0.86461682 0.17198298 0.47120132
v 0.84363186 0.25591293 0.47122125
v 0.81771354 0.33870804 0.47308873
v 0.78105516 0.41748268 0.47337863
v 0.73586641 0.49169021 0.47305251
v 0.68593005 0.56292824 0.47429792
v 0.62895803 0.62895803 0.47543749
v 0.56389804 0.68711175 0.47511502
v 0.49536856 0.74137145 0.47659143
v 0.42087364 0.78739921 0.47722360
v 0.34086853 0.82292944 0.47610639
v 0.25795871 0.85037591 0.47498823
v 0.17359202 0.87270604 0.47560981
v 0.08718759 0.88523045 0.47545498
v 0.00000000 0.88996170 0.47569444
v -0.08758198 0.88923481 0.47760571
v -0.17505395 0.88005564 0.47961521
v -0.26028695 0.85805107 0.47927529
v -0.34343633 0.82912865 0.47969295
v -0.42283650 0.79107144 0.47944926
v -0.49726421 0.74420847 0.47841522
v -0.56484494 0.68826555 0.47591284
v -0.62653596 0.62653596 0.47360661
v -0.68504050 0.56219821 0.47368283
v -0.73976132 0.49429271 0.47555636
v -0.78920305 0.42183782 0.47831687
v -0.83057394 0.34403499 0.48052912
v -0.85906945 0.26059587 0.47984411
v -0.88048258 0.17513888 0.47984789
v -0.89110515 0.08776620 0.47861026
v -0.89500632 0.00000000 0.47839084
v -0.93889769 -0.00000000 0.38890416
v -0.93112817 -0.09170812 0.38755209
v -0.91545434 -0.18209519 0.38662244
v -0.88999120 -0.26997588 0.38523449
v -0.86069081 -0.35650981 0.38588344
v -0.82357957 -0.44021245 0.38681211
v -0.77868693 -0.52030197 0.38791879
v -0.72497480 -0.59497145 0.38847391
v -0.66303484 -0.66303484 0.38839681
v -0.59830839 -0.72904088 0.39065270
v -0.52420408 -0.78452685 0.39082806
v -0.44681854 -0.83593869 0.39261684
v -0.36417439 -0.87919474 0.39417952
v -0.27728978 -0.91410191 0.39567086
v -0.18640393 -0.93711584 0.39577071
v -0.09317352 -0.94600659 0.39374475
v 0.00000000 -0.95403420 0.39517390
v 0.09415441 -0.95596580 0.39788995
v 0.18713323 -0.94078226 0.39731915
v 0.27860381 -0.91843369 0.39754588
v 0.36679378 -0.88551851 0.39701472
v 0.44694022 -0.83616634 0.39272376
v 0.52253418 -0.78202766 0.38958304
v 0.59639744 -0.72671238 0.38940498
v 0.66509976 -0.66509976 0.38960642
v 0.72480171 -0.59482939 0.38838116
v 0.77606347 -0.51854904 0.38661186
v 0.81930281 -0.43792647 0.38480344
v 0.86073829 -0.35652947 0.38590472
v 0.89222187 -0.27065255 0.38620004
v 0.91198648 -0.18140539 0.38515787
v 0.92221445 -0.09083020 0.38384204
v 0.92564325 0.00000000 0.38341399
v 0.92374251 0.09098070 0.38447804
v 0.91396424 0.18179879 0.38599313
v 0.89425099 0.27126807 0.38707835
v 0.86488021 0.35824511 0.38776172
v 0.82318483 0.44000146 0.38662672
v 0.77477952 0.51769112 0.38597224
v 0.72112318 0.59181050 0.38641004
v 0.66067963 0.66067963 0.38701717
v 0.59336119 0.72301271 0.38742253
v 0.52259354 0.78211650 0.38962730
v 0.44174971 0.82645557 0.38816289
v 0.35725535 0.86249071 0.38669040
v 0.27148599 0.89496937 0.38738930
v 0.18210765 0.91551700 0.38664891
v 0.09160214 0.93005218 0.38710424
v 0.00000000 0.92968570 0.38508843
v -0.09104361 0.92438130 0.38474392
v -0.18187689 0.91435687 0.38615895
v -0.27151836 0.89507607 0.38743549
v -0.35695855 0.86177416 0.38636915
v -0.43840920 0.82020592 0.38522760
v -0.51508865 0.77088465 0.38403193
v -0.58770245 0.71611751 0.38372778
v -0.65702862 0.65702862 0.38487845
v -0.71814239 0.58936423 0.38481280
v -0.77445680 0.51747549 0.38581146
v -0.82493701 0.44093802 0.38744966
v -0.86938410 0.36011068 0.38978100
v -0.90297679 0.27391502 0.39085533
v -0.92634375 0.18426123 0.39122135
v -0.93995298 0.09257729 0.39122513
v -0.93940482 0.00000000 0.38911422
v -0.97170708 -0.00000000 0.29476412
v -0.96799256 -0.09533895 0.29505812
v -0.95352502 -0.18966792 0.29491537
v -0.92736198 -0.28131218 0.29397045
v -0.89074257 -0.36895765 0.29246649
v -0.85069814 -0.45470763 0.29260714
v -0.80715559 -0.53932412 0.29447615
v -0.75159780 -0.61682037 0.29494388
v -0.68817058 -0.68817058 0.29522311
v -0.61887030 -0.75409565 0.29592409
v -0.54528468 -0.81607619 0.29773067
v -0.46223194 -0.86477513 0.29744908
v -0.37697189 -0.91009065 0.29881924
v -0.28579810 -0.94215008 0.29865823
v -0.19233894 -0.96695315 0.29906855
v -0.09644483 -0.97922077 0.29848064
v 0.00000000 -0.98562437 0.29898588
v 0.09667129 -0.98152005 0.29918149
v 0.19238590 -0.96718921 0.29914156
v 0.28697307 -0.94602344 0.29988607
v 0.37747472 -0.91130459 0.29921783
v 0.46088775 -0.86226033 0.29658409
v 0.53886321 -0.80646579 0.29422449
v 0.61721575 -0.75207956 0.29513293
v 0.68843473 -0.68843473 0.29533643
v 0.75354441 -0.61841792 0.29570777
v 0.80629132 -0.53874664 0.29416084
v 0.85222035 -0.45552127 0.29313072
v 0.89154573 -0.36929033 0.29273020
v 0.92724622 -0.28127707 0.29393375
v 0.94779505 -0.18852816 0.29314315
v 0.96133928 -0.09468365 0.29303010
v 0.96843449 0.00000000 0.29377139
v 0.96536517 0.09508017 0.29425725
v 0.95173473 0.18931181 0.29436165
v 0.93026844 0.28219385 0.29489179
v 0.89838631 0.37212379 0.29497624
v 0.85980258 0.45957405 0.29573872
v 0.81357513 0.54361352 0.29681821
v 0.75654770 0.62088265 0.29688633
v 0.68933571 0.68933571 0.29572295
v 0.61567249 0.75019911 0.29439500
v 0.53824695 0.80554349 0.29388801
v 0.45705603 0.85509168 0.29411835
v 0.37155004 0.89700115 0.29452143
v 0.28213884 0.93008711 0.29483431
v 0.18852304 0.94776931 0.29313519
v 0.09428682 0.95731019 0.29180198
v 0.00000000 0.95284251 0.28904161
v -0.09313904 0.94565658 0.28824979
v -0.18552821 0.93271331 0.28847852
v -0.27328581 0.90090259 0.28558292
v -0.36175616 0.87335664 0.28675799
v -0.44757930 0.83736198 0.28802002
v -0.52607758 0.78733074 0.28724341
v -0.60376975 0.73569557 0.28870348
v -0.67749050 0.67749050 0.29064139
v -0.74263624 0.60946581 0.29142716
v -0.80317074 0.53666153 0.29302235
v -0.85503050 0.45702332 0.29409730
v -0.89757730 0.37178869 0.29471061
v -0.92956553 0.28198062 0.29466897
v -0.95159649 0.18928431 0.29431889
v -0.96936602 0.09547422 0.29547677
v -0.97193783 0.00000000 0.29483412
v -0.98960471 -0.00000000 0.19684462
v -0.98782266 -0.09729204 0.19744088
v -0.97300460 -0.19354265 0.19733437
v -0.94741460 -0.28739508 0.19693232
v -0.91251875 -0.37797764 0.19646638
v -0.87407786 -0.46720435 0.19714333
v -0.82626794 -0.55209458 0.19766797
v -0.77133502 -0.63301829 0.19848124
v -0.70878664 -0.70878664 0.19938492
v -0.63663854 -0.77574631 0.19961636
v -0.55753075 -0.83440374 0.19961430
v -0.47233397 -0.88367470 0.19930784
v -0.38330625 -0.92538315 0.19923610
v -0.29017562 -0.95658083 0.19883764
v -0.19459377 -0.97828892 0.19840608
v -0.09822726 -0.99731811 0.19933878
v 0.00000000 -1.00326424 0.19956166
v 0.09811415 -0.99616968 0.19910923
v 0.19610683 -0.98589563 0.19994879
v 0.29289258 -0.96553743 0.20069938
v 0.38506828 -0.92963707 0.20015197
v 0.47377402 -0.88636886 0.19991550
v 0.55680596 -0.83331900 0.19935480
v 0.63233915 -0.77050748 0.19826830
v 0.70572970 -0.70572970 0.19852499
v 0.77290270 -0.63430485 0.19888464
v 0.82878009 -0.55377315 0.19826895
v 0.88193890 -0.47140616 0.19891634
v 0.92340489 -0.38248683 0.19881018
v 0.95958933 -0.29108824 0.19946300
v 0.98069407 -0.19507218 0.19889387
v 0.99559921 -0.09805796 0.19899521
v 0.99875443 0.00000000 0.19866461
v 0.99700951 0.09819687 0.19927710
v 0.98091913 0.19511695 0.19893951
v 0.95882962 0.29085778 0.19930508
v 0.92554833 0.38337467 0.19927166
v 0.88700786 0.47411558 0.20005962
v 0.83219352 0.55605393 0.19908555
v 0.77575097 0.63664237 0.19961756
v 0.70946488 0.70946488 0.19957571
v 0.63270014 0.77094735 0.19838148
v 0.54987704 0.82294914 0.19687402
v 0.46690339 0.87351480 0.19701634
v 0.38061532 0.91888666 0.19783740
v 0.28732953 0.94719853 0.19688741
v 0.19209466 0.96572508 0.19585802
v 0.09583574 0.97303656 0.19448551
v 0.00000000 0.97067591 0.19307944
v -0.09448209 0.95929272 0.19173846
v -0.18746303 0.94244029 0.19113565
v -0.27835347 0.91760843 0.19073672
v -0.36780302 0.88795505 0.19117778
v -0.45573038 0.85261157 0.19230173
v -0.54177025 0.81081648 0.19397152
v -0.62117672 0.75690602 0.19476835
v -0.69416669 0.69416669 0.19527226
v -0.76227867 0.62558593 0.19615085
v -0.82290569 0.54984800 0.19686362
v -0.87850406 0.46957021 0.19814164
v -0.92107922 0.38152351 0.19830946
v -0.95376163 0.28932043 0.19825163
v -0.97363070 0.19366719 0.19746135
v -0.98417014 0.09693230 0.19671083
v -0.98959041 0.00000000 0.19684177
v -1.00833956 -0.00000000 0.09931278
v -1.00627572 -0.09910951 0.09958906
v -0.99569423 -0.19805590 0.09998857
v -0.97114715 -0.29459427 0.09995362
v -0.93624545 -0.38780556 0.09980969
v -0.89290689 -0.47726867 0.09971826
v -0.84701651 -0.56595834 0.10033301
v -0.79322721 -0.65098474 0.10106728
v -0.72101001 -0.72101001 0.10042795
v -0.64735558 -0.78880506 0.10050384
v -0.56646987 -0.84778207 0.10042369
v -0.48140481 -0.90064505 0.10058244
v -0.38903673 -0.93921775 0.10012655
v -0.29346534 -0.96742557 0.09957058
v -0.19741126 -0.99245342 0.09966313
v -0.09949115 -1.01015060 0.09997255
v 0.00000000 -1.01900532 0.10036326
v 0.09991911 -1.01449575 0.10040258
v 0.19959435 -1.00342858 0.10076527
v 0.29774767 -0.98154252 0.10102354
v 0.39108581 -0.94416467 0.10065393
v 0.48112023 -0.90011265 0.10052298
v 0.56484746 -0.84535397 0.10013607
v 0.64520345 -0.78618268 0.10016971
v 0.71886509 -0.71886509 0.10012919
v 0.78075025 -0.64074517 0.09947755
v 0.84073165 -0.56175893 0.09958853
v 0.89269259 -0.47715413 0.09969433
v 0.93492196 -0.38725736 0.09966860
v 0.96772114 -0.29355500 0.09960100
v 0.98809144 -0.19654361 0.09922510
v 0.99808385 -0.09830268 0.09877832
v 1.00541210 0.00000000 0.09902445
v 1.00469460 0.09895378 0.09943258
v 0.99254714 0.19742990 0.09967254
v 0.96837910 0.29375459 0.09966872
v 0.93524165 0.38738978 0.09970268
v 0.89436307 0.47804702 0.09988088
v 0.84457523 0.56432713 0.10004382
v 0.78481230 0.64407881 0.09999511
v 0.71406556 0.71406556 0.09946068
v 0.63687702 0.77603689 0.09887701
v 0.55897704 0.83656826 0.09909536
v 0.47508947 0.88882989 0.09926295
v 0.38529154 0.93017606 0.09916265
v 0.29069945 0.95830767 0.09863213
v 0.19439541 0.97729174 0.09814058
v 0.09786198 0.99360936 0.09833549
v 0.00000000 0.99331497 0.09783299
v -0.09708926 0.98576378 0.09755903
v -0.19280713 0.96930687 0.09733873
v -0.28617343 0.94338738 0.09709649
v -0.37873577 0.91434902 0.09747539
v -0.46546593 0.87082551 0.09725225
v -0.54592270 0.81703105 0.09678109
v -0.62621042 0.76303961 0.09722099
v -0.70513234 0.70513234 0.09821639
v -0.77805828 0.63853593 0.09913456
v -0.83951405 0.56094535 0.09944430
v -0.89214383 0.47686081 0.09963304
v -0.93444327 0.38705908 0.09961756
v -0.96772200 0.29355526 0.09960109
v -0.99034317 0.19699150 0.09945122
v -1.00399825 0.09888520 0.09936366
v -1.00818626 0.00000000 0.09929768
v -1.01337312 -0.00000000 0.00000000
v -1.01151126 -0.09962516 0.00000000
v -1.00608463 -0.20012268 0.00000000
v -0.97951910 -0.29713387 0.00000000
v -0.94340537 -0.39077130 0.00000000
v -0.90094067 -0.48156282 0.00000000
v -0.85010796 -0.56802398 0.00000000
v -0.79254231 -0.65042266 0.00000000
v -0.72800501 -0.72800501 0.00000000
v -0.65215090 -0.79464817 0.00000000
v -0.57005930 -0.85315404 0.00000000
v -0.48181632 -0.90141494 0.00000000
v -0.39103392 -0.94403939 0.00000000
v -0.29644675 -0.97725396 0.00000000
v -0.19927328 -1.00181444 0.00000000
v -0.10008289 -1.01615863 0.00000000
v 0.00000000 -1.02097892 0.00000000
v 0.10088379 -1.02429035 0.00000000
v 0.20227893 -1.01692486 0.00000000
v 0.30005278 -0.98914146 0.00000000
v 0.39449835 -0.95240326 0.00000000
v 0.48468696 -0.90678552 0.00000000
v 0.56876296 -0.85121392 0.00000000
v 0.65080785 -0.79301167 0.00000000
v 0.72007643 -0.72007643 0.00000000
v 0.78392369 -0.64334955 0.00000000
v 0.84741628 -0.56622545 0.00000000
v 0.89521455 -0.47850214 0.00000000
v 0.93083747 -0.38556550 0.00000000
v 0.95955113 -0.29107665 0.00000000
v 0.98092846 -0.19511880 0.00000000
v 0.99711019 -0.09820678 0.00000000
v 1.00297853 0.00000000 0.00000000
v 0.99595678 0.09809318 0.00000000
v 0.98680413 0.19628755 0.00000000
v 0.96828442 0.29372587 0.00000000
v 0.94100953 0.38977891 0.00000000
v 0.89867369 0.48035109 0.00000000
v 0.84789646 0.56654630 0.00000000
v 0.77931456 0.63956693 0.00000000
v 0.71117876 0.71117876 0.00000000
v 0.63915978 0.77881844 0.00000000
v 0.56084978 0.83937101 0.00000000
v 0.47725102 0.89287385 0.00000000
v 0.38547010 0.93060715 0.00000000
v 0.29260201 0.96457955 0.00000000
v 0.19629371 0.98683511 0.00000000
v 0.09821766 0.99722066 0.00000000
v 0.00000000 1.00336063 0.00000000
v -0.09878394 1.00297016 0.00000000
v -0.19730770 0.99193282 0.00000000
v -0.29201497 0.96264435 0.00000000
v -0.38399910 0.92705584 0.00000000
v -0.47270547 0.88436973 0.00000000
v -0.55450739 0.82987896 0.00000000
v -0.63103284 0.76891574 0.00000000
v -0.70816426 0.70816426 0.00000000
v -0.77843270 0.63884321 0.00000000
v -0.84131012 0.56214545 0.00000000
v -0.89392410 0.47781239 0.00000000
v -0.93667295 0.38798264 0.00000000
v -0.96534983 0.29283567 0.00000000
v -0.98684558 0.19629579 0.00000000
v -1.00326166 0.09881265 0.00000000
v -1.01347020 0.00000000 0.00000000
v -1.01038671 -0.00000000 -0.09951440
v -1.01093027 -0.09956794 -0.10004971
v -0.99578943 -0.19807483 -0.09999813
v -0.97340886 -0.29528035 -0.10018640
v -0.93621336 -0.38779227 -0.09980627
v -0.89241113 -0.47700369 -0.09966289
v -0.84197542 -0.56258999 -0.09973586
v -0.78687698 -0.64577325 -0.10025818
v -0.72238708 -0.72238708 -0.10061976
v -0.64613278 -0.78731507 -0.10031399
v -0.56210095 -0.84124352 -0.09964917
v -0.47647558 -0.89142312 -0.09955255
v -0.38651447 -0.93312847 -0.09947740
v -0.29324420 -0.96669657 -0.09949555
v -0.19758415 -0.99332263 -0.09975042
v -0.09998799 -1.01519514 -0.10047179
v 0.00000000 -1.02274704 -0.10073179
v 0.10025530 -1.01790913 -0.10074039
v 0.20030127 -1.00698248 -0.10112215
v 0.29808625 -0.98265868 -0.10113842
v 0.39344786 -0.94986717 -0.10126185
v 0.48288828 -0.90342042 -0.10089239
v 0.56560887 -0.84649349 -0.10027105
v 0.64208093 -0.78237788 -0.09968493
v 0.71717907 -0.71717907 -0.09989435
v 0.78720577 -0.64604308 -0.10030007
v 0.84862058 -0.56703014 -0.10052301
v 0.89612262 -0.47898752 -0.10007739
v 0.93353652 -0.38668349 -0.09952090
v 0.96325693 -0.29220079 -0.09914153
v 0.98646645 -0.19622038 -0.09906191
v 0.99495018 -0.09799404 -0.09846819
v 0.99669913 0.00000000 -0.09816630
v 0.99007136 0.09751352 -0.09798534
v 0.97414014 0.19376852 -0.09782409
v 0.95844354 0.29074067 -0.09864612
v 0.93129876 0.38575658 -0.09928234
v 0.89239294 0.47699396 -0.09966086
v 0.84070877 0.56174364 -0.09958582
v 0.78155170 0.64140290 -0.09957967
v 0.71254406 0.71254406 -0.09924875
v 0.63443431 0.77306045 -0.09849777
v 0.55656913 0.83296457 -0.09866849
v 0.47183058 0.88273293 -0.09858205
v 0.38209769 0.92246542 -0.09834065
v 0.28950403 0.95436689 -0.09822654
v 0.19392211 0.97491230 -0.09790163
v 0.09761706 0.99112264 -0.09808939
v 0.00000000 0.99348537 -0.09784977
v -0.09793652 0.99436613 -0.09841039
v -0.19479632 0.97930725 -0.09834298
v -0.28787850 0.94900822 -0.09767500
v -0.37909356 0.91521281 -0.09756748
v -0.46804257 0.87564606 -0.09779060
v -0.54936015 0.82217556 -0.09739048
v -0.62591367 0.76267802 -0.09717492
v -0.69744988 0.69744988 -0.09714631
v -0.76709092 0.62953524 -0.09773718
v -0.83058565 0.55497959 -0.09838669
v -0.88383864 0.47242160 -0.09870553
v -0.93009997 0.38526002 -0.09915454
v -0.95551355 0.28985187 -0.09834455
v -0.97822187 0.19458043 -0.09823398
v -0.99639810 0.09813665 -0.09861149
v -1.00912619 0.00000000 -0.09939025
v -0.98875532 -0.00000000 -0.19667566
v -0.98636132 -0.09714811 -0.19714879
v -0.97181618 -0.19330626 -0.19709335
v -0.95207072 -0.28880750 -0.19790016
v -0.92020406 -0.38116100 -0.19812103
v -0.87999538 -0.47036733 -0.19847799
v -0.83045234 -0.55489051 -0.19866900
v -0.77017925 -0.63206978 -0.19818384
v -0.70454058 -0.70454058 -0.19819048
v -0.63175276 -0.76979296 -0.19808444
v -0.55064652 -0.82410075 -0.19714952
v -0.46654168 -0.87283810 -0.19686371
v -0.38091785 -0.91961704 -0.19799465
v -0.28819080 -0.95003775 -0.19747758
v -0.19453574 -0.97799723 -0.19834692
v -0.09818584 -0.99689758 -0.19925472
v 0.00000000 -1.00455556 -0.19981852
v 0.09866364 -1.00174870 -0.20022434
v 0.19580212 -0.98436373 -0.19963811
v 0.28990003 -0.95567232 -0.19864879
v 0.38406617 -0.92721776 -0.19963109
v 0.47224160 -0.88350189 -0.19926887
v 0.55271426 -0.82719534 -0.19788983
v 0.63174077 -0.76977835 -0.19808068
v 0.70578804 -0.70578804 -0.19854140
v 0.76927018 -0.63132372 -0.19794991
v 0.82880751 -0.55379148 -0.19827551
v 0.87574921 -0.46809770 -0.19752030
v 0.91398106 -0.37858335 -0.19678122
v 0.94597681 -0.28695893 -0.19663346
v 0.97156596 -0.19325649 -0.19704260
v 0.98867686 -0.09737617 -0.19761161
v 0.99119063 0.00000000 -0.19716007
v 0.98382183 0.09689799 -0.19664121
v 0.96847182 0.19264102 -0.19641508
v 0.94651721 0.28712286 -0.19674579
v 0.91572664 0.37930639 -0.19715704
v 0.87875316 0.46970335 -0.19819782
v 0.83079229 0.55511766 -0.19875033
v 0.77053875 0.63236481 -0.19827634
v 0.70479189 0.70479189 -0.19826118
v 0.62988218 0.76751366 -0.19749792
v 0.54722613 0.81898178 -0.19592491
v 0.46179055 0.86394936 -0.19485891
v 0.37485762 0.90498635 -0.19484464
v 0.28347130 0.93447964 -0.19424362
v 0.19053833 0.95790088 -0.19427120
v 0.09613110 0.97603548 -0.19508492
v 0.00000000 0.98167720 -0.19526774
v -0.09601509 0.97485761 -0.19484949
v -0.19043218 0.95736722 -0.19416297
v -0.28079091 0.92564359 -0.19240694
v -0.36633145 0.88440235 -0.19041288
v -0.45010014 0.84207814 -0.18992598
v -0.53522778 0.80102497 -0.19162910
v -0.61405860 0.74823257 -0.19253648
v -0.68873078 0.68873078 -0.19374312
v -0.75329542 0.61821357 -0.19383926
v -0.81560707 0.54497122 -0.19511757
v -0.86978748 0.46491109 -0.19617566
v -0.91270725 0.37805572 -0.19650696
v -0.94138720 0.28556668 -0.19567945
v -0.96469307 0.19188938 -0.19564872
v -0.98095593 0.09661573 -0.19606839
v -0.98789531 0.00000000 -0.19650460
v -0.96488064 -0.00000000 -0.29269334
v -0.96550558 -0.09509400 -0.29430005
v -0.95131140 -0.18922760 -0.29423072
v -0.93377344 -0.28325708 -0.29600286
v -0.90249284 -0.37382477 -0.29632458
v -0.86402816 -0.46183267 -0.29719215
v -0.81292687 -0.54318037 -0.29658170
v -0.75604667 -0.62047147 -0.29668971
v -0.69114212 -0.69114212 -0.29649789
v -0.61595293 -0.75054081 -0.29452909
v -0.53782888 -0.80491780 -0.29365973
v -0.45619216 -0.85347550 -0.29356244
v -0.36986635 -0.89293635 -0.29318680
v -0.28111116 -0.92669930 -0.29376038
v -0.18946041 -0.95248182 -0.29459272
v -0.09519942 -0.96657590 -0.29462630
v 0.00000000 -0.97140178 -0.29467151
v 0.09535845 -0.96819062 -0.29511849
v 0.18913593 -0.95085055 -0.29408818
v 0.28064476 -0.92516178 -0.29327300
v 0.37138998 -0.89661473 -0.29439456
v 0.45895857 -0.85865108 -0.29534265
v 0.53899973 -0.80667010 -0.29429903
v 0.61514806 -0.74956008 -0.29414423
v 0.68165235 -0.68165235 -0.29242681
v 0.74606187 -0.61227715 -0.29277145
v 0.80108655 -0.53526892 -0.29226197
v 0.84903551 -0.45381894 -0.29203526
v 0.89167509 -0.36934392 -0.29277267
v 0.92240467 -0.27980840 -0.29239900
v 0.94705671 -0.18838129 -0.29291479
v 0.96479431 -0.09502395 -0.29408324
v 0.96771796 0.00000000 -0.29355403
v 0.96429552 0.09497482 -0.29393121
v 0.95180741 0.18932627 -0.29438413
v 0.92291799 0.27996411 -0.29256172
v 0.89002248 0.36865938 -0.29223006
v 0.85295418 0.45591351 -0.29338313
v 0.80725043 0.53938749 -0.29451075
v 0.75005077 0.61555076 -0.29433679
v 0.68454525 0.68454525 -0.29366785
v 0.61268695 0.74656121 -0.29296741
v 0.53496617 0.80063346 -0.29209667
v 0.45129344 0.84431064 -0.29041009
v 0.36605500 0.88373494 -0.29016560
v 0.27763087 0.91522633 -0.29012349
v 0.18651100 0.93765411 -0.29000666
v 0.09411387 0.95555414 -0.29126671
v 0.00000000 0.96102221 -0.29152290
v -0.09415162 0.95593742 -0.29138354
v -0.18549301 0.93253633 -0.28842379
v -0.27170915 0.89570502 -0.28393530
v -0.35586919 0.85914422 -0.28209149
v -0.43884840 0.82102762 -0.28240163
v -0.52204772 0.78129962 -0.28504307
v -0.60106172 0.73239582 -0.28740859
v -0.67152952 0.67152952 -0.28808414
v -0.73656585 0.60448397 -0.28904500
v -0.79264506 0.52962849 -0.28918225
v -0.84300822 0.45059728 -0.28996211
v -0.88277725 0.36565831 -0.28985116
v -0.91555194 0.27772964 -0.29022671
v -0.93770951 0.18652202 -0.29002380
v -0.95319237 0.09388125 -0.29054681
v -0.96426561 0.00000000 -0.29250677
v -0.93269330 -0.00000000 -0.38633422
v -0.93014851 -0.09161163 -0.38714433
v -0.91701171 -0.18240497 -0.38728017
v -0.89947015 -0.27285129 -0.38933748
v -0.87357631 -0.36184716 -0.39166054
v -0.83365968 -0.44560038 -0.39154646
v -0.78616999 -0.52530199 -0.39164663
v -0.72874359 -0.59806441 -0.39049340
v -0.66773433 -0.66773433 -0.39114972
v -0.60001978 -0.73112622 -0.39177012
v -0.52575969 -0.78685498 -0.39198787
v -0.44408911 -0.83083229 -0.39021851
v -0.35810685 -0.86454642 -0.38761206
v -0.27077581 -0.89262823 -0.38637594
v -0.18228124 -0.91638970 -0.38701747
v -0.09115260 -0.92548792 -0.38520451
v 0.00000000 -0.92571538 -0.38344386
v 0.09065217 -0.92040694 -0.38308972
v 0.18040978 -0.90698119 -0.38304399
v 0.26761141 -0.88219661 -0.38186059
v 0.35456634 -0.85599888 -0.38377985
v 0.43887812 -0.82108321 -0.38563964
v 0.51657013 -0.77310184 -0.38513646
v 0.58901970 -0.71772258 -0.38458785
v 0.65286108 -0.65286108 -0.38243717
v 0.71401171 -0.58597427 -0.38259940
v 0.76729017 -0.51268690 -0.38224126
v 0.81282155 -0.43446217 -0.38175938
v 0.85409616 -0.35377821 -0.38292678
v 0.88965646 -0.26987434 -0.38508960
v 0.91248750 -0.18150505 -0.38536946
v 0.92526033 -0.09113019 -0.38510978
v 0.92978723 0.00000000 -0.38513048
v 0.92833244 0.09143276 -0.38638845
v 0.91684648 0.18237210 -0.38721038
v 0.89226581 0.27066587 -0.38621906
v 0.86252946 0.35727140 -0.38670778
v 0.82451572 0.44071283 -0.38725180
v 0.77401640 0.51718122 -0.38559207
v 0.71317698 0.58528922 -0.38215211
v 0.64933499 0.64933499 -0.38037163
v 0.58430092 0.71197273 -0.38150682
v 0.51424991 0.76962938 -0.38340659
v 0.43723361 0.81800654 -0.38419462
v 0.35383642 0.85423668 -0.38298978
v 0.26813364 0.88391816 -0.38260577
v 0.17967498 0.90328713 -0.38148388
v 0.09065892 0.92047541 -0.38311822
v 0.00000000 0.92298328 -0.38231219
v -0.09065051 0.92039007 -0.38308270
v -0.17872475 0.89851000 -0.37946637
v -0.26481841 0.87298930 -0.37787519
v -0.34503603 0.83299065 -0.37346430
v -0.42510300 0.79531177 -0.37353552
v -0.50408164 0.75441148 -0.37582548
v -0.57443895 0.69995588 -0.37506766
v -0.64291050 0.64291050 -0.37660825
v -0.70691582 0.58015082 -0.37879710
v -0.76692879 0.51244544 -0.38206123
v -0.81450539 0.43536220 -0.38255022
v -0.84829571 0.35137559 -0.38032619
v -0.87724479 0.26610930 -0.37971718
v -0.90508870 0.18003334 -0.38224474
v -0.92570955 0.09117443 -0.38529676
v -0.93266338 0.00000000 -0.38632182
v -0.88881678 -0.00000000 -0.47508247
v -0.88239983 -0.08690880 -0.47393466
v -0.87145290 -0.17334276 -0.47492686
v -0.85296512 -0.25874414 -0.47643446
v -0.82631942 -0.34227271 -0.47806767
v -0.78929565 -0.42188732 -0.47837299
v -0.74345755 -0.49676246 -0.47793249
v -0.69349427 -0.56913604 -0.47952833
v -0.63782899 -0.63782899 -0.48214316
v -0.57341150 -0.69870394 -0.48313064
v -0.49882854 -0.74654967 -0.47992026
v -0.42043402 -0.78657673 -0.47672512
v -0.33998620 -0.82079929 -0.47487399
v -0.25769167 -0.84949559 -0.47449651
v -0.17260725 -0.86775523 -0.47291170
v -0.08659347 -0.87919830 -0.47221513
v 0.00000000 -0.88361404 -0.47230154
v 0.08614160 -0.87461031 -0.46975093
v 0.17180599 -0.86372703 -0.47071640
v 0.25525752 -0.84147128 -0.47001444
v 0.33673720 -0.81295551 -0.47033597
v 0.41786671 -0.78177362 -0.47381407
v 0.49228308 -0.73675370 -0.47362291
v 0.55808966 -0.68003422 -0.47022115
v 0.62191406 -0.62191406 -0.47011286
v 0.68320979 -0.56069578 -0.47241695
v 0.73357243 -0.49015742 -0.47157782
v 0.77442142 -0.41393688 -0.46935808
v 0.81226746 -0.33645220 -0.46993789
v 0.84398224 -0.25601921 -0.47141696
v 0.86578232 -0.17221481 -0.47183650
v 0.87660849 -0.08633840 -0.47082415
v 0.88351441 0.00000000 -0.47224829
v 0.88296409 0.08696437 -0.47423772
v 0.87259415 0.17356977 -0.47554883
v 0.85518637 0.25941795 -0.47767517
v 0.82731864 0.34268660 -0.47864577
v 0.78602027 0.42013659 -0.47638787
v 0.73813381 0.49320524 -0.47451012
v 0.67723592 0.55579315 -0.46828621
v 0.61816785 0.61816785 -0.46728105
v 0.55652963 0.67813332 -0.46890674
v 0.48704657 0.72891671 -0.46858489
v 0.41378180 0.77413130 -0.46918225
v 0.33719046 0.81404977 -0.47096905
v 0.25517388 0.84119556 -0.46986043
v 0.17127195 0.86104226 -0.46925325
v 0.08655849 0.87884312 -0.47202436
v 0.00000000 0.88090689 -0.47085454
v -0.08623176 0.87552571 -0.47024259
v -0.17204192 0.86491312 -0.47136280
v -0.25416954 0.83788469 -0.46801110
v -0.33480597 0.80829311 -0.46763853
v -0.41246482 0.77166740 -0.46768894
v -0.48557426 0.72671323 -0.46716838
v -0.55491149 0.67616161 -0.46754336
v -0.61723310 0.61723310 -0.46657446
v -0.67471179 0.55372165 -0.46654086
v -0.72011659 0.48116652 -0.46292773
v -0.76604808 0.40946123 -0.46428320
v -0.80261136 0.33245251 -0.46435135
v -0.83546438 0.25343535 -0.46665920
v -0.86446924 0.17195362 -0.47112089
v -0.88441208 0.08710699 -0.47501543
v -0.88890989 0.00000000 -0.47513224
v -0.83230813 -0.00000000 -0.55613051
v -0.82638552 -0.08139187 -0.55484488
v -0.81688143 -0.16248782 -0.55651602
v -0.79810325 -0.24210197 -0.55727147
v -0.77069034 -0.31923039 -0.55738741
v -0.73410377 -0.39238664 -0.55618623
v -0.69315997 -0.46315469 -0.55703141
v -0.64884918 -0.53249676 -0.56085550
v -0.59673021 -0.59673021 -0.56387860
v -0.53413755 -0.65084849 -0.56258367
v -0.46543394 -0.69657112 -0.55977264
v -0.39392839 -0.73698818 -0.55837156
v -0.32043781 -0.77360530 -0.55949560
v -0.24265149 -0.79991476 -0.55853634
v -0.16250124 -0.81694891 -0.55656199
v -0.08173768 -0.82989662 -0.55720227
v 0.00000000 -0.83689715 -0.55919680
v 0.08206801 -0.83325049 -0.55945410
v 0.16318729 -0.82039793 -0.55891170
v 0.24236799 -0.79898017 -0.55788377
v 0.31878628 -0.76961816 -0.55661198
v 0.39317811 -0.73558450 -0.55730808
v 0.46249671 -0.69217524 -0.55624006
v 0.52697379 -0.64211942 -0.55503839
v 0.58862922 -0.58862922 -0.55622359
v 0.64637747 -0.53046828 -0.55871899
v 0.69371510 -0.46352561 -0.55747751
v 0.73280535 -0.39169262 -0.55520249
v 0.76910866 -0.31857524 -0.55624349
v 0.79616302 -0.24151341 -0.55591671
v 0.81470243 -0.16205439 -0.55503153
v 0.82681992 -0.08143465 -0.55513654
v 0.83447875 0.00000000 -0.55758088
v 0.83459048 0.08219999 -0.56035379
v 0.81987041 0.16308236 -0.55855232
v 0.80023209 0.24274775 -0.55875792
v 0.77347625 0.32038435 -0.55940227
v 0.73637511 0.39360070 -0.55790708
v 0.69415794 0.46382151 -0.55783339
v 0.64593415 0.53010446 -0.55833579
v 0.59045507 0.59045507 -0.55794892
v 0.53153625 0.64767880 -0.55984383
v 0.46678805 0.69859768 -0.56140121
v 0.39365675 0.73647997 -0.55798653
v 0.31820205 0.76820770 -0.55559189
v 0.24202181 0.79783898 -0.55708694
v 0.16341072 0.82152118 -0.55967694
v 0.08265131 0.83917282 -0.56343043
v 0.00000000 0.84066310 -0.56171312
v -0.08173370 0.82985619 -0.55717513
v -0.16228066 0.81583999 -0.55580652
v -0.24006651 0.79139322 -0.55258622
v -0.31600518 0.76290399 -0.55175608
v -0.39080108 0.73113740 -0.55393879
v -0.46277566 0.69259272 -0.55657556
v -0.52866263 0.64417728 -0.55681718
v -0.58645707 0.58645707 -0.55417102
v -0.63702477 0.52279272 -0.55063465
v -0.68123156 0.45518438 -0.54744559
v -0.72316396 0.38653919 -0.54789779
v -0.75964063 0.31465345 -0.54939592
v -0.78928110 0.23942580 -0.55111144
v -0.81762980 0.16263668 -0.55702586
v -0.82935456 0.08168429 -0.55683833
v -0.83289285 0.00000000 -0.55652121
v -0.76411016 -0.00000000 -0.62708900
v -0.75986449 -0.07484012 -0.62662203
v -0.75225707 -0.14963323 -0.62945625
v -0.73777319 -0.22380105 -0.63271950
v -0.71703148 -0.29700417 -0.63693643
v -0.68270507 -0.36491346 -0.63529659
v -0.63769280 -0.42609271 -0.62941682
v -0.59651694 -0.48954880 -0.63330165
v -0.54488822 -0.54488822 -0.63240548
v -0.49142253 -0.59880009 -0.63572560
v -0.43146275 -0.64572964 -0.63734935
v -0.36645671 -0.68559228 -0.63798330
v -0.29729607 -0.71773621 -0.63756244
v -0.22543130 -0.74314742 -0.63732847
v -0.15133876 -0.76083134 -0.63663083
v -0.07637923 -0.77549131 -0.63950868
v 0.00000000 -0.77900147 -0.63930998
v 0.07641347 -0.77583899 -0.63979539
v 0.15227849 -0.76555566 -0.64058393
v 0.22767440 -0.75054192 -0.64367005
v 0.29900968 -0.72187323 -0.64123733
v 0.36665170 -0.68595708 -0.63832277
v 0.43086784 -0.64483929 -0.63647056
v 0.49279347 -0.60047058 -0.63749910
v 0.54877093 -0.54877093 -0.63691181
v 0.59703035 -0.48997014 -0.63384672
v 0.64164653 -0.42873451 -0.63331924
v 0.67854051 -0.36268746 -0.63142123
v 0.71452505 -0.29596597 -0.63470997
v 0.74256838 -0.22525565 -0.63683189
v 0.76140894 -0.15145366 -0.63711414
v 0.77515079 -0.07634569 -0.63922787
v 0.78209612 0.00000000 -0.64184969
v 0.77688718 0.07651671 -0.64065978
v 0.76395099 0.15195930 -0.63924122
v 0.74234127 0.22518676 -0.63663712
v 0.71579555 0.29649222 -0.63583855
v 0.68425086 0.36573971 -0.63673504
v 0.64175525 0.42880715 -0.63342655
v 0.60093396 0.49317376 -0.63799106
v 0.55090030 0.55090030 -0.63938319
v 0.49334317 0.60114040 -0.63821022
v 0.43164694 0.64600530 -0.63762144
v 0.36547779 0.68376085 -0.63627905
v 0.29570613 0.71389776 -0.63415275
v 0.22414202 0.73889720 -0.63368346
v 0.15134803 0.76087795 -0.63666983
v 0.07618784 0.77354815 -0.63790626
v 0.00000000 0.77671806 -0.63743604
v -0.07572110 0.76880926 -0.63399833
v -0.15048104 0.75651929 -0.63302269
v -0.22227429 0.73274013 -0.62840311
v -0.29156781 0.70390696 -0.62527796
v -0.35919812 0.67201242 -0.62534646
v -0.42724925 0.63942369 -0.63112525
v -0.49179173 0.59924996 -0.63620321
v -0.54388369 0.54388369 -0.63123961
v -0.58770715 0.48231880 -0.62394861
v -0.62839882 0.41988267 -0.62024345
v -0.67017311 0.35821499 -0.62363487
v -0.70950286 0.29388571 -0.63024878
v -0.73657230 0.22343677 -0.63168961
v -0.75769398 0.15071470 -0.63400562
v -0.76606289 0.07545061 -0.63173354
v -0.76431954 0.00000000 -0.62726083
v -0.70174493 -0.00000000 -0.70174493
v -0.70195939 -0.06913697 -0.70535587
v -0.69195993 -0.13763939 -0.70551623
v -0.67796808 -0.20565937 -0.70847477
v -0.65486608 -0.27125441 -0.70882193
v -0.62545876 -0.33431467 -0.70920023
v -0.58855799 -0.39326188 -0.70785268
v -0.54740951 -0.44924737 -0.70815279
v -0.50048807 -0.50048807 -0.70779701
v -0.44947687 -0.54768914 -0.70851454
v -0.39343884 -0.58882284 -0.70817121
v -0.33346678 -0.62387246 -0.70740154
v -0.27073069 -0.65360171 -0.70745339
v -0.20637017 -0.68031128 -0.71092340
v -0.13827626 -0.69516171 -0.70878074
v -0.06956091 -0.70626377 -0.70968107
v 0.00000000 -0.71438071 -0.71438071
v 0.07029894 -0.71375711 -0.71721067
v 0.14009320 -0.70429609 -0.71809406
v 0.20782368 -0.68510285 -0.71593058
v 0.27434890 -0.66233683 -0.71690822
v 0.33825249 -0.63282589 -0.71755373
v 0.39723748 -0.59450790 -0.71500857
v 0.45086100 -0.54937572 -0.71069636
v 0.50080826 -0.50080826 -0.70824984
v 0.54703894 -0.44894326 -0.70767341
v 0.59101477 -0.39490344 -0.71080742
v 0.62686558 -0.33506663 -0.71079541
v 0.65715219 -0.27220135 -0.71129641
v 0.68022879 -0.20634515 -0.71083720
v 0.69901906 -0.13904354 -0.71271365
v 0.70607627 -0.06954244 -0.70949267
v 0.70757207 0.00000000 -0.70757207
v 0.70522645 0.06945874 -0.70863874
v 0.69287589 0.13782158 -0.70645013
v 0.67880710 0.20591388 -0.70935154
v 0.65645452 0.27191236 -0.71054125
v 0.62638117 0.33480771 -0.71024613
v 0.58786338 0.39279775 -0.70701728
v 0.54897745 0.45053415 -0.71018115
v 0.49980145 0.49980145 -0.70682599
v 0.45173351 0.55043887 -0.71207170
v 0.39602973 0.59270038 -0.71283468
v 0.33710237 0.63067417 -0.71511391
v 0.27379083 0.66098953 -0.71544991
v 0.20652375 0.68081757 -0.71145248
v 0.13885989 0.69809580 -0.71177230
v 0.06952480 0.70589718 -0.70931272
v 0.00000000 0.71192037 -0.71192037
v -0.06952324 0.70588133 -0.70929678
v -0.13752035 0.69136151 -0.70490608
v -0.20445078 0.67398391 -0.70431132
v -0.26918197 0.64986277 -0.70340640
v -0.33145964 0.62011737 -0.70314369
v -0.38875483 0.58181272 -0.69974021
v -0.44412992 0.54117387 -0.70008610
v -0.49372769 0.49372769 -0.69823639
v -0.53770265 0.44128116 -0.69559558
v -0.57669874 0.38533778 -0.69358968
v -0.61280163 0.32754929 -0.69484845
v -0.64440940 0.26692311 -0.69750371
v -0.67050830 0.20339647 -0.70067932
v -0.68624332 0.13650228 -0.69968762
v -0.69984668 0.06892888 -0.70323294
v -0.70179223 0.00000000 -0.70179223
v -0.63194211 -0.00000000 -0.77002370
v -0.62746985 -0.06180039 -0.76827367
v -0.62279060 -0.12388075 -0.77373974
v -0.60654215 -0.18399255 -0.77233002
v -0.58472939 -0.24220285 -0.77119885
v -0.56057220 -0.29963208 -0.77451268
v -0.52727792 -0.35231584 -0.77271616
v -0.49090052 -0.40287165 -0.77381104
v -0.44965618 -0.44965618 -0.77485841
v -0.40575664 -0.49441589 -0.77935234
v -0.35494322 -0.53121007 -0.77847865
v -0.29968838 -0.56067752 -0.77465819
v -0.24369531 -0.58833253 -0.77595101
v -0.18518841 -0.61048439 -0.77734980
v -0.12471415 -0.62698035 -0.77894498
v -0.06247149 -0.63428363 -0.77661646
v 0.00000000 -0.63933877 -0.77903655
v 0.06296982 -0.63934328 -0.78281149
v 0.12531903 -0.63002133 -0.78272301
v 0.18647750 -0.61473394 -0.78276089
v 0.24614948 -0.59425742 -0.78376535
v 0.30318520 -0.56721961 -0.78369705
v 0.35570507 -0.53235026 -0.78014958
v 0.40305440 -0.49112321 -0.77416205
v 0.45044268 -0.45044268 -0.77621374
v 0.49387054 -0.40530908 -0.77849270
v 0.53050805 -0.35447415 -0.77744986
v 0.56212017 -0.30045949 -0.77665143
v 0.58894942 -0.24395084 -0.77676463
v 0.60676337 -0.18405966 -0.77261171
v 0.62191743 -0.12370707 -0.77265493
v 0.63313514 -0.06235837 -0.77521025
v 0.63315100 0.00000000 -0.77149672
v 0.62658619 0.06171335 -0.76719172
v 0.61660824 0.12265100 -0.76605892
v 0.60625783 0.18390630 -0.77196798
v 0.58246605 0.24126534 -0.76821372
v 0.55672441 0.29757540 -0.76919639
v 0.53238446 0.35572792 -0.78019969
v 0.49535075 0.40652386 -0.78082597
v 0.45075045 0.45075045 -0.77674408
v 0.40090776 0.48850752 -0.77003891
v 0.35420959 0.53011211 -0.77686961
v 0.30198182 0.56496824 -0.78058646
v 0.24365226 0.58822858 -0.77581392
v 0.18494744 0.60969001 -0.77633829
v 0.12495512 0.62819179 -0.78045004
v 0.06265312 0.63612776 -0.77887441
v 0.00000000 0.63660384 -0.77570402
v -0.06249724 0.63454517 -0.77693669
v -0.12420293 0.62441029 -0.77575200
v -0.18449380 0.60819456 -0.77443409
v -0.24225265 0.58484963 -0.77135742
v -0.29847182 0.55840150 -0.77151353
v -0.34741458 0.51994266 -0.76196646
v -0.39613145 0.48268756 -0.76086487
v -0.44160564 0.44160564 -0.76098552
v -0.48368565 0.39695055 -0.76243816
v -0.52148007 0.34844185 -0.76421952
v -0.55292515 0.29554465 -0.76394716
v -0.57964919 0.24009855 -0.76449856
v -0.60087344 0.18227297 -0.76511187
v -0.61822074 0.12297175 -0.76806225
v -0.63026407 0.06207559 -0.77169491
v -0.63241968 0.00000000 -0.77060561
v -0.55076600 -0.00000000 -0.82427958
v -0.54809684 -0.05398283 -0.82425390
v -0.53969265 -0.10735154 -0.82353105
v -0.52813450 -0.16020785 -0.82597535
v -0.51272477 -0.21237755 -0.83057023
v -0.48861598 -0.26117068 -0.82917322
v -0.46279090 -0.30922700 -0.83300162
v -0.43110188 -0.35379617 -0.83464532
v -0.39490560 -0.39490560 -0.83582568
v -0.35562995 -0.43333635 -0.83897141
v -0.31183424 -0.46669292 -0.84002505
v -0.26499056 -0.49576247 -0.84130068
v -0.21432655 -0.51743006 -0.83819241
v -0.16199784 -0.53403532 -0.83520393
v -0.10892804 -0.54761825 -0.83562492
v -0.05474246 -0.55580954 -0.83585262
v 0.00000000 -0.56001293 -0.83811858
v 0.05495677 -0.55798547 -0.83912489
v 0.10921904 -0.54908118 -0.83785725
v 0.16194863 -0.53387310 -0.83495023
v 0.21275016 -0.51362432 -0.83202743
v 0.26251091 -0.49112337 -0.83342822
v 0.31042772 -0.46458792 -0.83623615
v 0.35542378 -0.43308513 -0.83848504
v 0.39753962 -0.39753962 -0.84140063
v 0.43407304 -0.35623454 -0.84039771
v 0.46392853 -0.30998713 -0.83504929
v 0.49075378 -0.26231336 -0.83280103
v 0.50858801 -0.21066405 -0.82386904
v 0.52418372 -0.15900939 -0.81979654
v 0.54012349 -0.10743724 -0.82418848
v 0.54612182 -0.05378830 -0.82128377
v 0.54476027 0.00000000 -0.81529136
v 0.54053858 0.05323840 -0.81288743
v 0.53730812 0.10687723 -0.81989244
v 0.52492619 0.15923462 -0.82095773
v 0.50211686 0.20798361 -0.81338633
v 0.48047592 0.25681973 -0.81535967
v 0.45441186 0.30362830 -0.81791975
v 0.42663266 0.35012837 -0.82599257
v 0.39127177 0.39127177 -0.82813459
v 0.35073191 0.42736806 -0.82741637
v 0.30820312 0.46125856 -0.83024348
v 0.26292452 0.49189718 -0.83474136
v 0.21336015 0.51509697 -0.83441300
v 0.16252337 0.53576774 -0.83791336
v 0.10936999 0.54984008 -0.83901527
v 0.05489076 0.55731520 -0.83811690
v 0.00000000 0.56035426 -0.83862941
v -0.05494507 0.55786664 -0.83894618
v -0.10897992 0.54787907 -0.83602292
v -0.16233523 0.53514754 -0.83694340
v -0.21310154 0.51447263 -0.83340163
v -0.26059071 0.48753092 -0.82733189
v -0.30563109 0.45740925 -0.82331489
v -0.34727384 0.42315440 -0.81925840
v -0.38652243 0.38652243 -0.81808251
v -0.42393318 0.34791297 -0.82076618
v -0.45887025 0.30660730 -0.82594462
v -0.48838874 0.26104922 -0.82878760
v -0.51204481 0.21209590 -0.82946876
v -0.53114650 0.16112153 -0.83068596
v -0.54276231 0.10796214 -0.82821512
v -0.55057605 0.05422701 -0.82798225
v -0.55084113 0.00000000 -0.82439201
v -0.46861218 -0.00000000 -0.87671172
v -0.46517434 -0.04581567 -0.87449089
v -0.46122966 -0.09174428 -0.87980520
v -0.45171335 -0.13702575 -0.88312323
v -0.43618522 -0.18067383 -0.88328091
v -0.41668244 -0.22272140 -0.88393153
v -0.39253051 -0.26228050 -0.88322281
v -0.36485208 -0.29942636 -0.88302846
v -0.33442007 -0.33442007 -0.88481112
v -0.30182551 -0.36777545 -0.89010372
v -0.26529899 -0.39704800 -0.89338750
v -0.22520499 -0.42132890 -0.89378833
v -0.18357036 -0.44317805 -0.89744148
v -0.13930072 -0.45921294 -0.89778531
v -0.09348915 -0.47000168 -0.89653801
v -0.04682716 -0.47544415 -0.89379733
v 0.00000000 -0.47980146 -0.89764539
v 0.04695725 -0.47676497 -0.89628036
v 0.09288025 -0.46694055 -0.89069885
v 0.13760939 -0.45363735 -0.88688476
v 0.18131761 -0.43773943 -0.88642820
v 0.22306669 -0.41732843 -0.88530191
v 0.26418643 -0.39538293 -0.88964097
v 0.30177566 -0.36771470 -0.88995669
v 0.33399252 -0.33399252 -0.88367992
v 0.36370446 -0.29848454 -0.88025096
v 0.39108952 -0.26131766 -0.87998048
v 0.41362908 -0.22108935 -0.87745426
v 0.43099263 -0.17852299 -0.87276583
v 0.44496253 -0.13497791 -0.86992502
v 0.45175090 -0.08985884 -0.86172429
v 0.45760154 -0.04506982 -0.86025462
v 0.45899560 0.00000000 -0.85872037
v 0.45496729 0.04481037 -0.85530246
v 0.44492194 0.08850048 -0.84869790
v 0.43079912 0.13068148 -0.84223481
v 0.41967263 0.17383409 -0.84984268
v 0.40326074 0.21554736 -0.85545934
v 0.38210416 0.25531384 -0.85976275
v 0.35766599 0.29352890 -0.86563643
v 0.32844697 0.32844697 -0.86900746
v 0.29660924 0.36141941 -0.87472058
v 0.26089578 0.39045812 -0.87855979
v 0.22181382 0.41498448 -0.88032955
v 0.18178375 0.43886479 -0.88870707
v 0.13797478 0.45484191 -0.88923972
v 0.09239369 0.46449445 -0.88603287
v 0.04650432 0.47216631 -0.88763523
v 0.00000000 0.47420477 -0.88717472
v -0.04646266 0.47174332 -0.88684006
v -0.09208013 0.46291808 -0.88302590
v -0.13652954 0.45007756 -0.87992518
v -0.17912455 0.43244492 -0.87570675
v -0.22036556 0.41227496 -0.87458171
v -0.25972029 0.38869888 -0.87460136
v -0.29537401 0.35991428 -0.87107781
v -0.33062162 0.33062162 -0.87476116
v -0.36230580 0.29733668 -0.87686585
v -0.38977986 0.26044257 -0.87703364
v -0.41251813 0.22049554 -0.87509756
v -0.43034899 0.17825639 -0.87146246
v -0.44766458 0.13579757 -0.87520768
v -0.45787174 0.09107635 -0.87339990
v -0.46749751 0.04604449 -0.87885827
v -0.46890135 0.00000000 -0.87725273
v -0.37931762 -0.00000000 -0.91575374
v -0.37720333 -0.03715129 -0.91505564
v -0.37252239 -0.07409931 -0.91696789
v -0.36527241 -0.11080417 -0.92152621
v -0.35645806 -0.14764976 -0.93146981
v -0.34019509 -0.18183806 -0.93126635
v -0.32238039 -0.21540769 -0.93604756
v -0.30003032 -0.24622852 -0.93703423
v -0.27268825 -0.27268825 -0.93101592
v -0.24403269 -0.29735469 -0.92867790
v -0.21390849 -0.32013668 -0.92953284
v -0.18205973 -0.34060979 -0.93240158
v -0.14848174 -0.35846663 -0.93671844
v -0.11267109 -0.37142680 -0.93705279
v -0.07571064 -0.38062310 -0.93690786
v -0.03803877 -0.38621406 -0.93691473
v 0.00000000 -0.38899129 -0.93910804
v 0.03801400 -0.38596260 -0.93630472
v 0.07534611 -0.37879047 -0.93239683
v 0.11216170 -0.36974757 -0.93281635
v 0.14820547 -0.35779966 -0.93497557
v 0.18385377 -0.34396621 -0.94158959
v 0.21666970 -0.32426912 -0.94153159
v 0.24783002 -0.30198175 -0.94312883
v 0.27475870 -0.27475870 -0.93808487
v 0.30032670 -0.24647175 -0.93795988
v 0.32096623 -0.21446278 -0.93194148
v 0.33723498 -0.18025585 -0.92316319
v 0.35044293 -0.14515821 -0.91575150
v 0.35994859 -0.10918921 -0.90809504
v 0.36423527 -0.07245090 -0.89656905
v 0.36993613 -0.03643553 -0.89742618
v 0.37326273 0.00000000 -0.90113594
v 0.36902880 0.03634616 -0.89522509
v 0.35999247 0.07160696 -0.88612536
v 0.35111502 0.10650958 -0.88580929
v 0.33949649 0.14062405 -0.88714707
v 0.32507285 0.17375506 -0.88987000
v 0.31002109 0.20714947 -0.90016171
v 0.29041152 0.23833458 -0.90699348
v 0.26767923 0.26767923 -0.91391405
v 0.24098006 0.29363505 -0.91706098
v 0.21102313 0.31581843 -0.91699459
v 0.17865947 0.33424836 -0.91498750
v 0.14545182 0.35115175 -0.91760375
v 0.11010577 0.36297007 -0.91571777
v 0.07353797 0.36970032 -0.91002132
v 0.03715795 0.37727098 -0.91521974
v 0.00000000 0.38078613 -0.91929903
v -0.03736990 0.37942292 -0.92044013
v -0.07414666 0.37276041 -0.91755378
v -0.10962313 0.36137903 -0.91170382
v -0.14499002 0.35003686 -0.91469041
v -0.17800701 0.33302769 -0.91164596
v -0.21086010 0.31557445 -0.91628617
v -0.24046724 0.29301018 -0.91510943
v -0.26844189 0.26844189 -0.91651795
v -0.29514208 0.24221684 -0.92176762
v -0.31687793 0.21173107 -0.92007091
v -0.33642451 0.17982265 -0.92094459
v -0.35164738 0.14565711 -0.91889888
v -0.36346362 0.11025548 -0.91696292
v -0.37324033 0.07424212 -0.91873511
v -0.37886454 0.03731490 -0.91908555
v -0.37978898 0.00000000 -0.91689171
v -0.28646832 -0.00000000 -0.94435948
v -0.28317136 -0.02788994 -0.93800764
v -0.28080616 -0.05585582 -0.94382927
v -0.27680399 -0.08396757 -0.95356048
v -0.27072521 -0.11213805 -0.96599326
v -0.25868112 -0.13826794 -0.96693141
v -0.24484457 -0.16359991 -0.97074428
v -0.22757991 -0.18677000 -0.97053074
v -0.20716261 -0.20716261 -0.96579983
v -0.18553208 -0.22607150 -0.96409802
v -0.16153795 -0.24175862 -0.95850933
v -0.13730781 -0.25688485 -0.96021708
v -0.11210991 -0.27065726 -0.96575082
v -0.08486230 -0.27975350 -0.96372122
v -0.05733073 -0.28822102 -0.96875166
v -0.02882286 -0.29264336 -0.96938373
v 0.00000000 -0.29342872 -0.96730485
v 0.02876730 -0.29207929 -0.96751524
v 0.05745935 -0.28886764 -0.97092504
v 0.08604157 -0.28364103 -0.97711333
v 0.11363744 -0.27434505 -0.97890949
v 0.13994719 -0.26182278 -0.97867470
v 0.16497176 -0.24689769 -0.97888438
v 0.18804771 -0.22913679 -0.97717019
v 0.20974594 -0.20974594 -0.97784339
v 0.22925767 -0.18814691 -0.97768567
v 0.24615846 -0.16447782 -0.97595351
v 0.25851718 -0.13818031 -0.96631860
v 0.26777837 -0.11091743 -0.95547844
v 0.27495218 -0.08340583 -0.94718117
v 0.28048033 -0.05579101 -0.94273412
v 0.28222964 -0.02779719 -0.93488817
v 0.28162449 0.00000000 -0.92839153
v 0.28066451 0.02764304 -0.92970368
v 0.27678240 0.05505544 -0.93030484
v 0.26933401 0.08170158 -0.92782718
v 0.25908119 0.10731494 -0.92444543
v 0.24790901 0.13251013 -0.92666604
v 0.23562941 0.15744254 -0.93420862
v 0.21930025 0.17997506 -0.93522154
v 0.20156247 0.20156247 -0.93969178
v 0.18004202 0.21938184 -0.93556948
v 0.15788532 0.23629208 -0.93683593
v 0.13433777 0.25132828 -0.93944703
v 0.10890991 0.26293178 -0.93818498
v 0.08254211 0.27210488 -0.93737253
v 0.05551095 0.27907241 -0.93800190
v 0.02806483 0.28494698 -0.94388939
v 0.00000000 0.28725189 -0.94694256
v -0.02810398 0.28534446 -0.94520606
v -0.05577025 0.28037597 -0.94238334
v -0.08309140 0.27391564 -0.94361040
v -0.10969765 0.26483355 -0.94497084
v -0.13521985 0.25297854 -0.94561558
v -0.15931599 0.23843323 -0.94532499
v -0.18152118 0.22118419 -0.94325576
v -0.20292456 0.20292456 -0.94604187
v -0.22263175 0.18270915 -0.94942897
v -0.24004752 0.16039462 -0.95172524
v -0.25268442 0.13506264 -0.94451617
v -0.26448798 0.10955451 -0.94373780
v -0.27472853 0.08333799 -0.94641070
v -0.28052141 0.05579918 -0.94287218
v -0.28513138 0.02808299 -0.94450022
v -0.28650589 0.00000000 -0.94448333
v -0.19173581 -0.00000000 -0.96392103
v -0.19176082 -0.01888679 -0.96871137
v -0.19028754 -0.03785055 -0.97538177
v -0.18669179 -0.05663234 -0.98079574
v -0.18099752 -0.07497163 -0.98490758
v -0.17336407 -0.09266502 -0.98825151
v -0.16389932 -0.10951403 -0.99098935
v -0.15196842 -0.12471726 -0.98833957
v -0.13887058 -0.13887058 -0.98733257
v -0.12424152 -0.15138873 -0.98456956
v -0.10876908 -0.16278443 -0.98424837
v -0.09240299 -0.17287383 -0.98545695
v -0.07502871 -0.18113532 -0.98565747
v -0.05717142 -0.18846891 -0.99013195
v -0.03831768 -0.19263597 -0.98741939
v -0.01918215 -0.19475963 -0.98386033
v 0.00000000 -0.19572868 -0.98399455
v 0.01919331 -0.19487296 -0.98443282
v 0.03832852 -0.19269048 -0.98769884
v 0.05735133 -0.18906199 -0.99324770
v 0.07597209 -0.18341285 -0.99805074
v 0.09363662 -0.17518179 -0.99861333
v 0.11017877 -0.16489418 -0.99700457
v 0.12590983 -0.15342157 -0.99779026
v 0.14049630 -0.14049630 -0.99889102
v 0.15409101 -0.12645922 -1.00214402
v 0.16452300 -0.10993075 -0.99476031
v 0.17360357 -0.09279304 -0.98961680
v 0.18108919 -0.07500960 -0.98540643
v 0.18621566 -0.05648790 -0.97829439
v 0.18940590 -0.03767518 -0.97086260
v 0.19042642 -0.01875537 -0.96197040
v 0.19029969 0.00000000 -0.95670116
v 0.18931229 0.01864563 -0.95634220
v 0.18645787 0.03708878 -0.95575153
v 0.18121083 0.05496970 -0.95200120
v 0.17434486 0.07221600 -0.94870680
v 0.16650849 0.08900064 -0.94917172
v 0.15765819 0.10534383 -0.95325338
v 0.14778061 0.12128041 -0.96110380
v 0.13583249 0.13583249 -0.96573257
v 0.12201701 0.14867815 -0.96694107
v 0.10659689 0.15953351 -0.96459224
v 0.08997918 0.16833921 -0.95960759
v 0.07347410 0.17738217 -0.96523449
v 0.05594343 0.18442078 -0.96886486
v 0.03750413 0.18854598 -0.96645481
v 0.01890152 0.19191034 -0.96946666
v 0.00000000 0.19309843 -0.97077138
v -0.01889725 0.19186701 -0.96924781
v -0.03736467 0.18784489 -0.96286113
v -0.05555485 0.18313979 -0.96213512
v -0.07335791 0.17710166 -0.96370810
v -0.09033092 0.16899726 -0.96335880
v -0.10611927 0.15881872 -0.96027034
v -0.12141317 0.14794237 -0.96215584
v -0.13522406 0.13522406 -0.96140677
v -0.14781729 0.12131052 -0.96134239
v -0.15987519 0.10682519 -0.96665813
v -0.16956366 0.09063366 -0.96658749
v -0.17803910 0.07374621 -0.96880923
v -0.18440998 0.05594015 -0.96880811
v -0.18831759 0.03745870 -0.96528410
v -0.19065044 0.01877743 -0.96310210
v -0.19169843 0.00000000 -0.96373307
v -0.09740569 -0.00000000 -0.98897656
v -0.09722527 -0.00957585 -0.99192112
v -0.09607948 -0.01911140 -0.99462276
v -0.09391468 -0.02848871 -0.99643801
v -0.09067779 -0.03755997 -0.99652283
v -0.08654767 -0.04626069 -0.99638516
v -0.08172505 -0.05460694 -0.99795397
v -0.07591517 -0.06230197 -0.99711420
v -0.06947729 -0.06947729 -0.99760715
v -0.06228233 -0.07589124 -0.99679986
v -0.05448766 -0.08154654 -0.99577416
v -0.04624210 -0.08651289 -0.99598469
v -0.03751128 -0.09056025 -0.99523109
v -0.02843384 -0.09373379 -0.99451883
v -0.01908979 -0.09597088 -0.99349844
v -0.00958434 -0.09731147 -0.99280056
v 0.00000000 -0.09793863 -0.99438763
v 0.00960969 -0.09756885 -0.99542641
v 0.01915625 -0.09630497 -0.99695697
v 0.02851094 -0.09398799 -0.99721580
v 0.03767386 -0.09095275 -0.99954458
v 0.04654824 -0.08708563 -1.00257842
v 0.05493420 -0.08221484 -1.00393483
v 0.06271771 -0.07642175 -1.00376791
v 0.06997447 -0.06997447 -1.00474607
v 0.07644793 -0.06273919 -1.00411173
v 0.08196461 -0.05476700 -1.00087926
v 0.08664818 -0.04631441 -0.99754221
v 0.09051008 -0.03749050 -0.99467976
v 0.09355237 -0.02837880 -0.99259394
v 0.09576460 -0.01904876 -0.99136310
v 0.09698962 -0.00955264 -0.98951697
v 0.09703862 0.00000000 -0.98524967
v 0.09617422 0.00947233 -0.98119801
v 0.09473336 0.01884364 -0.98068753
v 0.09233571 0.02800973 -0.97968509
v 0.08897792 0.03685586 -0.97784172
v 0.08489139 0.04537540 -0.97731717
v 0.08020840 0.05359354 -0.97943395
v 0.07469038 0.06129681 -0.98102707
v 0.06836701 0.06836701 -0.98166484
v 0.06121824 0.07459464 -0.97976949
v 0.05359998 0.08021804 -0.97955161
v 0.04551065 0.08514444 -0.98023035
v 0.03689062 0.08906183 -0.97876392
v 0.02806529 0.09251886 -0.98162830
v 0.01887564 0.09489427 -0.98235332
v 0.00950480 0.09650387 -0.98456115
v 0.00000000 0.09702771 -0.98513890
v -0.00948166 0.09626888 -0.98216370
v -0.01886540 0.09484277 -0.98182022
v -0.02805827 0.09249572 -0.98138280
v -0.03692949 0.08915568 -0.97979524
v -0.04544070 0.08501358 -0.97872379
v -0.05354261 0.08013218 -0.97850317
v -0.06120660 0.07458046 -0.97958325
v -0.06829787 0.06829787 -0.98067214
v -0.07478953 0.06137818 -0.98232928
v -0.08074413 0.05395150 -0.98597573
v -0.08591477 0.04592240 -0.98909884
v -0.08994844 0.03725787 -0.98850753
v -0.09329223 0.02829989 -0.98983381
v -0.09562872 0.01902174 -0.98995642
v -0.09672428 0.00952651 -0.98680990
v -0.09735540 0.00000000 -0.98846594
v -0.00000000 -0.00000000 -0.99724432
v -0.00000000 -0.00000000 -0.99724432
v -0.00000000 -0.00000000 -0.99724432
v -0.00000000 -0.00000000 -0.99724432
v -0.00000000 -0.00000000 -0.99724432
v -0.00000000 -0.00000000 -0.99724449
v -0.00000000 -0.00000000 -0.99724659
v -0.00000000 -0.00000000 -0.99726130
v -0.00000000 -0.00000000 -0.99732170
v -0.00000000 -0.00000000 -0.99747543
v -0.00000000 -0.00000000 -0.99774916
v -0.00000000 -0.00000000 -0.99816426
v -0.00000000 -0.00000000 -0.99868742
v -0.00000000 -0.00000000 -0.99902841
v -0.00000000 -0.00000000 -0.99891342
v -0.00000000 -0.00000000 -0.99852661
v 0.00000000 -0.00000000 -0.99820286
v 0.00000000 -0.00000000 -0.99803453
v 0.00000000 -0.00000000 -0.99796133
v 0.00000000 -0.00000000 -0.99790608
v 0.00000000 -0.00000000 -0.99780541
v 0.00000000 -0.00000000 -0.99762377
v 0.00000000 -0.00000000 -0.99739015
v 0.00000000 -0.00000000 -0.99719590
v 0.00000000 -0.00000000 -0.99711521
v 0.00000000 -0.00000000 -0.99715133
v 0.00000000 -0.00000000 -0.99729034
v 0.00000000 -0.00000000 -0.99755663
v 0.00000000 -0.00000000 -0.99792280
v 0.00000000 -0.00000000 -0.99814326
v 0.00000000 -0.00000000 -0.99796335
v 0.00000000 -0.00000000 -0.99757280
v 0.00000000 0.00000000 -0.99732501
v 0.00000000 0.00000000 -0.99725799
v 0.00000000 0.00000000 -0.99724525
v 0.00000000 0.00000000 -0.99724435
v 0.00000000 0.00000000 -0.99724432
v 0.00000000 0.00000000 -0.99724432
v 0.00000000 0.00000000 -0.99724432
v 0.00000000 0.00000000 -0.99724432
v 0.00000000 0.00000000 -0.99724432
v 0.00000000 0.00000000 -0.99724432
v 0.00000000 0.00000000 -0.99724432
v 0.00000000 0.00000000 -0.99724432
v 0.00000000 0.00000000 -0.99724432
v 0.00000000 0.00000000 -0.99724432
v 0.00000000 0.00000000 -0.99724432
v 0.00000000 0.00000000 -0.99724432
v 0.00000000 0.00000000 -0.99724432
v -0.00000000 0.00000000 -0.99724432
v -0.00000000 0.00000000 -0.99724432
v -0.00000000 0.00000000 -0.99724432
v -0.00000000 0.00000000 -0.99724432
v -0.00000000 0.00000000 -0.99724432
v -0.00000000 0.00000000 -0.99724432
v -0.00000000 0.00000000 -0.99724432
v -0.00000000 0.00000000 -0.99724432
v -0.00000000 0.00000000 -0.99724432
v -0.00000000 0.00000000 -0.99724432
v -0.00000000 0.00000000 -0.99724432
v -0.00000000 0.00000000 -0.99724432
v -0.00000000 0.00000000 -0.99724432
v -0.00000000 0.00000000 -0.99724432
v -0.00000000 0.00000000 -0.99724432
v -0.00000000 0.00000000 -0.99724432
vt 0.00000000 1.00000000
vt 0.01562500 1.00000000
vt 0.03125000 1.00000000
vt 0.04687500 1.00000000
vt 0.06250000 1.00000000
vt 0.07812500 1.00000000
vt 0.09375000 1.00000000
vt 0.10937500 1.00000000
vt 0.12500000 1.00000000
vt 0.14062500 1.00000000
vt 0.15625000 1.00000000
vt 0.17187500 1.00000000
vt 0.18750000 1.00000000
vt 0.20312500 1.00000000
vt 0.21875000 1.00000000
vt 0.23437500 1.00000000
vt 0.25000000 1.00000000
vt 0.26562500 1.00000000
vt 0.28125000 1.00000000
vt 0.29687500 1.00000000
vt 0.31250000 1.00000000
vt 0.32812500 1.00000000
vt 0.34375000 1.00000000
vt 0.35937500 1.00000000
vt 0.37500000 1.00000000
vt 0.39062500 1.00000000
vt 0.40625000 1.00000000
vt 0.42187500 1.00000000
vt 0.43750000 1.00000000
vt 0.45312500 1.00000000
vt 0.46875000 1.00000000
vt 0.48437500 1.00000000
vt 0.50000000 1.00000000
vt 0.51562500 1.00000000
vt 0.53125000 1.00000000
vt 0.54687500 1.00000000
vt 0.56250000 1.00000000
vt 0.57812500 1.00000000
vt 0.59375000 1.00000000
vt 0.60937500 1.00000000
vt 0.62500000 1.00000000
vt 0.64062500 1.00000000
vt 0.65625000 1.00000000
vt 0.67187500 1.00000000
vt 0.68750000 1.00000000
vt 0.70312500 1.00000000
vt 0.71875000 1.00000000
vt 0.73437500 1.00000000
vt 0.75000000 1.00000000
vt 0.76562500 1.00000000
vt 0.78125000 1.00000000
vt 0.79687500 1.00000000
vt 0.81250000 1.00000000
vt 0.82812500 1.00000000
vt 0.84375000 1.00000000
vt 0.85937500 1.00000000
vt 0.87500000 1.00000000
vt 0.89062500 1.00000000
vt 0.90625000 1.00000000
vt 0.92187500 1.00000000
vt 0.93750000 1.00000000
vt 0.95312500 1.00000000
vt 0.96875000 1.00000000
vt 0.98437500 1.00000000
vt 1.00000000 1.00000000
vt 0.00000000 0.96875000
vt 0.01562500 0.96875000
vt 0.03125000 0.96875000
vt 0.04687500 0.96875000
vt 0.06250000 0.96875000
vt 0.07812500 0.96875000
vt 0.09375000 0.96875000
vt 0.10937500 0.96875000
vt 0.12500000 0.96875000
vt 0.14062500 0.96875000
vt 0.15625000 0.96875000
vt 0.17187500 0.96875000
vt 0.18750000 0.96875000
vt 0.20312500 0.96875000
vt 0.21875000 0.96875000
vt 0.23437500 0.96875000
vt 0.25000000 0.96875000
vt 0.26562500 0.96875000
vt 0.28125000 0.96875000
vt 0.29687500 0.96875000
vt 0.31250000 0.96875000
vt 0.32812500 0.96875000
vt 0.34375000 0.96875000
vt 0.35937500 0.96875000
vt 0.37500000 0.96875000
vt 0.39062500 0.96875000
vt 0.40625000 0.96875000
vt 0.42187500 0.96875000
vt 0.43750000 0.96875000
vt 0.45312500 0.96875000
vt 0.46875000 0.96875000
vt 0.48437500 0.96875000
vt 0.50000000 0.96875000
vt 0.51562500 0.96875000
vt 0.53125000 0.96875000
vt 0.54687500 0.96875000
vt 0.56250000 0.96875000
vt 0.57812500 0.96875000
vt 0.59375000 0.96875000
vt 0.60937500 0.96875000
vt 0.62500000 0.96875000
vt 0.64062500 0.96875000
vt 0.65625000 0.96875000
vt 0.67187500 0.96875000
vt 0.68750000 0.96875000
vt 0.70312500 0.96875000
vt 0.71875000 0.96875000
vt 0.73437500 0.96875000
vt 0.75000000 0.96875000
vt 0.76562500 0.96875000
vt 0.78125000 0.96875000
vt 0.79687500 0.96875000
vt 0.81250000 0.96875000
vt 0.82812500 0.96875000
vt 0.84375000 0.96875000
vt 0.85937500 0.96875000
vt 0.87500000 0.96875000
vt 0.89062500 0.96875000
vt 0.90625000 0.96875000
vt 0.92187500 0.96875000
vt 0.93750000 0.96875000
vt 0.95312500 0.96875000
vt 0.96875000 0.96875000
vt 0.98437500 0.96875000
vt 1.00000000 0.96875000
vt 0.00000000 0.93750000
vt 0.01562500 0.93750000
vt 0.03125000 0.93750000
vt 0.04687500 0.93750000
vt 0.06250000 0.93750000
vt 0.07812500 0.93750000
vt 0.09375000 0.93750000
vt 0.10937500 0.93750000
vt 0.12500000 0.93750000
vt 0.14062500 0.93750000
vt 0.15625000 0.93750000
vt 0.17187500 0.93750000
vt 0.18750000 0.93750000
vt 0.20312500 0.93750000
vt 0.21875000 0.93750000
vt 0.23437500 0.93750000
vt 0.25000000 0.93750000
vt 0.26562500 0.93750000
vt 0.28125000 0.93750000
vt 0.29687500 0.93750000
vt 0.31250000 0.93750000
vt 0.32812500 0.93750000
vt 0.34375000 0.93750000
vt 0.35937500 0.93750000
vt 0.37500000 0.93750000
vt 0.39062500 0.93750000
vt 0.40625000 0.93750000
vt 0.42187500 0.93750000
vt 0.43750000 0.93750000
vt 0.45312500 0.93750000
vt 0.46875000 0.93750000
vt 0.48437500 0.93750000
vt 0.50000000 0.93750000
vt 0.51562500 0.93750000
vt 0.53125000 0.93750000
vt 0.54687500 0.93750000
vt 0.56250000 0.93750000
vt 0.57812500 0.93750000
vt 0.59375000 0.93750000
vt 0.60937500 0.93750000
vt 0.62500000 0.93750000
vt 0.64062500 0.93750000
vt 0.65625000 0.93750000
vt 0.67187500 0.93750000
vt 0.68750000 0.93750000
vt 0.70312500 0.93750000
vt 0.71875000 0.93750000
vt 0.73437500 0.93750000
vt 0.75000000 0.93750000
vt 0.76562500 0.93750000
vt 0.78125000 0.93750000
vt 0.79687500 0.93750000
vt 0.81250000 0.93750000
vt 0.82812500 0.93750000
vt 0.84375000 0.93750000
vt 0.85937500 0.93750000
vt 0.87500000 0.93750000
vt 0.89062500 0.93750000
vt 0.90625000 0.93750000
vt 0.92187500 0.93750000
vt 0.93750000 0.93750000
vt 0.95312500 0.93750000
vt 0.96875000 0.93750000
vt 0.98437500 0.93750000
vt 1.00000000 0.93750000
vt 0.00000000 0.90625000
vt 0.01562500 0.90625000
vt 0.03125000 0.90625000
vt 0.04687500 0.90625000
vt 0.06250000 0.90625000
vt 0.07812500 0.90625000
vt 0.09375000 0.90625000
vt 0.10937500 0.90625000
vt 0.12500000 0.90625000
vt 0.14062500 0.90625000
vt 0.15625000 0.90625000
vt 0.17187500 0.90625000
vt 0.18750000 0.90625000
vt 0.20312500 0.90625000
vt 0.21875000 0.90625000
vt 0.23437500 0.90625000
vt 0.25000000 0.90625000
vt 0.26562500 0.90625000
vt 0.28125000 0.90625000
vt 0.29687500 0.90625000
vt 0.31250000 0.90625000
vt 0.32812500 0.90625000
vt 0.34375000 0.90625000
vt 0.35937500 0.90625000
vt 0.37500000 0.90625000
vt 0.39062500 0.90625000
vt 0.40625000 0.90625000
vt 0.42187500 0.90625000
vt 0.43750000 0.90625000
vt 0.45312500 0.90625000
vt 0.46875000 0.90625000
vt 0.48437500 0.90625000
vt 0.50000000 0.90625000
vt 0.51562500 0.90625000
vt 0.53125000 0.90625000
vt 0.54687500 0.90625000
vt 0.56250000 0.90625000
vt 0.57812500 0.90625000
vt 0.59375000 0.90625000
vt 0.60937500 0.90625000
vt 0.62500000 0.90625000
vt 0.64062500 0.90625000
vt 0.65625000 0.90625000
vt 0.67187500 0.90625000
vt 0.68750000 0.90625000
vt 0.70312500 0.90625000
vt 0.71875000 0.90625000
vt 0.73437500 0.90625000
vt 0.75000000 0.90625000
vt 0.76562500 0.90625000
vt 0.78125000 0.90625000
vt 0.79687500 0.90625000
vt 0.81250000 0.90625000
vt 0.82812500 0.90625000
vt 0.84375000 0.90625000
vt 0.85937500 0.90625000
vt 0.87500000 0.90625000
vt 0.89062500 0.90625000
vt 0.90625000 0.90625000
vt 0.92187500 0.90625000
vt 0.93750000 0.90625000
vt 0.95312500 0.90625000
vt 0.96875000 0.90625000
vt 0.98437500 0.90625000
vt 1.00000000 0.90625000
vt 0.00000000 0.87500000
vt 0.01562500 0.87500000
vt 0.03125000 0.87500000
vt 0.04687500 0.87500000
vt 0.06250000 0.87500000
vt 0.07812500 0.87500000
vt 0.09375000 0.87500000
vt 0.10937500 0.87500000
vt 0.12500000 0.87500000
vt 0.14062500 0.87500000
vt 0.15625000 0.87500000
vt 0.17187500 0.87500000
vt 0.18750000 0.87500000
vt 0.20312500 0.87500000
vt 0.21875000 0.87500000
vt 0.23437500 0.87500000
vt 0.25000000 0.87500000
vt 0.26562500 0.87500000
vt 0.28125000 0.87500000
vt 0.29687500 0.87500000
vt 0.31250000 0.87500000
vt 0.32812500 0.87500000
vt 0.34375000 0.87500000
vt 0.35937500 0.87500000
vt 0.37500000 0.87500000
vt 0.39062500 0.87500000
vt 0.40625000 0.87500000
vt 0.42187500 0.87500000
vt 0.43750000 0.87500000
vt 0.45312500 0.87500000
vt 0.46875000 0.87500000
vt 0.48437500 0.87500000
vt 0.50000000 0.87500000
vt 0.51562500 0.87500000
vt 0.53125000 0.87500000
vt 0.54687500 0.87500000
vt 0.56250000 0.87500000
vt 0.57812500 0.87500000
vt 0.59375000 0.87500000
vt 0.60937500 0.87500000
vt 0.62500000 0.87500000
vt 0.64062500 0.87500000
vt 0.65625000 0.87500000
vt 0.67187500 0.87500000
vt 0.68750000 0.87500000
vt 0.70312500 0.87500000
vt 0.71875000 0.87500000
vt 0.73437500 0.87500000
vt 0.75000000 0.87500000
vt 0.76562500 0.87500000
vt 0.78125000 0.87500000
vt 0.79687500 0.87500000
vt 0.81250000 0.87500000
vt 0.82812500 0.87500000
vt 0.84375000 0.87500000
vt 0.85937500 0.87500000
vt 0.87500000 0.87500000
vt 0.89062500 0.87500000
vt 0.90625000 0.87500000
vt 0.92187500 0.87500000
vt 0.93750000 0.87500000
vt 0.95312500 0.87500000
vt 0.96875000 0.87500000
vt 0.98437500 0.87500000
vt 1.00000000 0.87500000
vt 0.00000000 0.84375000
vt 0.01562500 0.84375000
vt 0.03125000 0.84375000
vt 0.04687500 0.84375000
vt 0.06250000 0.84375000
vt 0.07812500 0.84375000
vt 0.09375000 0.84375000
vt 0.10937500 0.84375000
vt 0.12500000 0.84375000
vt 0.14062500 0.84375000
vt 0.15625000 0.84375000
vt 0.17187500 0.84375000
vt 0.18750000 0.84375000
vt 0.20312500 0.84375000
vt 0.21875000 0.84375000
vt 0.23437500 0.84375000
vt 0.25000000 0.84375000
vt 0.26562500 0.84375000
vt 0.28125000 0.84375000
vt 0.29687500 0.84375000
vt 0.31250000 0.84375000
vt 0.32812500 0.84375000
vt 0.34375000 0.84375000
vt 0.35937500 0.84375000
vt 0.37500000 0.84375000
vt 0.39062500 0.84375000
vt 0.40625000 0.84375000
vt 0.42187500 0.84375000
vt 0.43750000 0.84375000
vt 0.45312500 0.84375000
vt 0.46875000 0.84375000
vt 0.48437500 0.84375000
vt 0.50000000 0.84375000
vt 0.51562500 0.84375000
vt 0.53125000 0.84375000
vt 0.54687500 0.84375000
vt 0.56250000 0.84375000
vt 0.57812500 0.84375000
vt 0.59375000 0.84375000
vt 0.60937500 0.84375000
vt 0.62500000 0.84375000
vt 0.64062500 0.84375000
vt 0.65625000 0.84375000
vt 0.67187500 0.84375000
vt 0.68750000 0.84375000
vt 0.70312500 0.84375000
vt 0.71875000 0.84375000
vt 0.73437500 0.84375000
vt 0.75000000 0.84375000
vt 0.76562500 0.84375000
vt 0.78125000 0.84375000
vt 0.79687500 0.84375000
vt 0.81250000 0.84375000
vt 0.82812500 0.84375000
vt 0.84375000 0.84375000
vt 0.85937500 0.84375000
vt 0.87500000 0.84375000
vt 0.89062500 0.84375000
vt 0.90625000 0.84375000
vt 0.92187500 0.84375000
vt 0.93750000 0.84375000
vt 0.95312500 0.84375000
vt 0.96875000 0.84375000
vt 0.98437500 0.84375000
vt 1.00000000 0.84375000
vt 0.00000000 0.81250000
vt 0.01562500 0.81250000
vt 0.03125000 0.81250000
vt 0.04687500 0.81250000
vt 0.06250000 0.81250000
vt 0.07812500 0.81250000
vt 0.09375000 0.81250000
vt 0.10937500 0.81250000
vt 0.12500000 0.81250000
vt 0.14062500 0.81250000
vt 0.15625000 0.81250000
vt 0.17187500 0.81250000
vt 0.18750000 0.81250000
vt 0.20312500 0.81250000
vt 0.21875000 0.81250000
vt 0.23437500 0.81250000
vt 0.25000000 0.81250000
vt 0.26562500 0.81250000
vt 0.28125000 0.81250000
vt 0.29687500 0.81250000
vt 0.31250000 0.81250000
vt 0.32812500 0.81250000
vt 0.34375000 0.81250000
vt 0.35937500 0.81250000
vt 0.37500000 0.81250000
vt 0.39062500 0.81250000
vt 0.40625000 0.81250000
vt 0.42187500 0.81250000
vt 0.43750000 0.81250000
vt 0.45312500 0.81250000
vt 0.46875000 0.81250000
vt 0.48437500 0.81250000
vt 0.50000000 0.81250000
vt 0.51562500 0.81250000
vt 0.53125000 0.81250000
vt 0.54687500 0.81250000
vt 0.56250000 0.81250000
vt 0.57812500 0.81250000
vt 0.59375000 0.81250000
vt 0.60937500 0.81250000
vt 0.62500000 0.81250000
vt 0.64062500 0.81250000
vt 0.65625000 0.81250000
vt 0.67187500 0.81250000
vt 0.68750000 0.81250000
vt 0.70312500 0.81250000
vt 0.71875000 0.81250000
vt 0.73437500 0.81250000
vt 0.75000000 0.81250000
vt 0.76562500 0.81250000
vt 0.78125000 0.81250000
vt 0.79687500 0.81250000
vt 0.81250000 0.81250000
vt 0.82812500 0.81250000
vt 0.84375000 0.81250000
vt 0.85937500 0.81250000
vt 0.87500000 0.81250000
vt 0.89062500 0.81250000
vt 0.90625000 0.81250000
vt 0.92187500 0.81250000
vt 0.93750000 0.81250000
vt 0.95312500 0.81250000
vt 0.96875000 0.81250000
vt 0.98437500 0.81250000
vt 1.00000000 0.81250000
vt 0.00000000 0.78125000
vt 0.01562500 0.78125000
vt 0.03125000 0.78125000
vt 0.04687500 0.78125000
vt 0.06250000 0.78125000
vt 0.07812500 0.78125000
vt 0.09375000 0.78125000
vt 0.10937500 0.78125000
vt 0.12500000 0.78125000
vt 0.14062500 0.78125000
vt 0.15625000 0.78125000
vt 0.17187500 0.78125000
vt 0.18750000 0.78125000
vt 0.20312500 0.78125000
vt 0.21875000 0.78125000
vt 0.23437500 0.78125000
vt 0.25000000 0.78125000
vt 0.26562500 0.78125000
vt 0.28125000 0.78125000
vt 0.29687500 0.78125000
vt 0.31250000 0.78125000
vt 0.32812500 0.78125000
vt 0.34375000 0.78125000
vt 0.35937500 0.78125000
vt 0.37500000 0.78125000
vt 0.39062500 0.78125000
vt 0.40625000 0.78125000
vt 0.42187500 0.78125000
vt 0.43750000 0.78125000
vt 0.45312500 0.78125000
vt 0.46875000 0.78125000
vt 0.48437500 0.78125000
vt 0.50000000 0.78125000
vt 0.51562500 0.78125000
vt 0.53125000 0.78125000
vt 0.54687500 0.78125000
vt 0.56250000 0.78125000
vt 0.57812500 0.78125000
vt 0.59375000 0.78125000
vt 0.60937500 0.78125000
vt 0.62500000 0.78125000
vt 0.64062500 0.78125000
vt 0.65625000 0.78125000
vt 0.67187500 0.78125000
vt 0.68750000 0.78125000
vt 0.70312500 0.78125000
vt 0.71875000 0.78125000
vt 0.73437500 0.78125000
vt 0.75000000 0.78125000
vt 0.76562500 0.78125000
vt 0.78125000 0.78125000
vt 0.79687500 0.78125000
vt 0.81250000 0.78125000
vt 0.82812500 0.78125000
vt 0.84375000 0.78125000
vt 0.85937500 0.78125000
vt 0.87500000 0.78125000
vt 0.89062500 0.78125000
vt 0.90625000 0.78125000
vt 0.92187500 0.78125000
vt 0.93750000 0.78125000
vt 0.95312500 0.78125000
vt 0.96875000 0.78125000
vt 0.98437500 0.78125000
vt 1.00000000 0.78125000
vt 0.00000000 0.75000000
vt 0.01562500 0.75000000
vt 0.03125000 0.75000000
vt 0.04687500 0.75000000
vt 0.06250000 0.75000000
vt 0.07812500 0.75000000
vt 0.09375000 0.75000000
vt 0.10937500 0.75000000
vt 0.12500000 0.75000000
vt 0.14062500 0.75000000
vt 0.15625000 0.75000000
vt 0.17187500 0.75000000
vt 0.18750000 0.75000000
vt 0.20312500 0.75000000
vt 0.21875000 0.75000000
vt 0.23437500 0.75000000
vt 0.25000000 0.75000000
vt 0.26562500 0.75000000
vt 0.28125000 0.75000000
vt 0.29687500 0.75000000
vt 0.31250000 0.75000000
vt 0.32812500 0.75000000
vt 0.34375000 0.75000000
vt 0.35937500 0.75000000
vt 0.37500000 0.75000000
vt 0.39062500 0.75000000
vt 0.40625000 0.75000000
vt 0.42187500 0.75000000
vt 0.43750000 0.75000000
vt 0.45312500 0.75000000
vt 0.46875000 0.75000000
vt 0.48437500 0.75000000
vt 0.50000000 0.75000000
vt 0.51562500 0.75000000
vt 0.53125000 0.75000000
vt 0.54687500 0.75000000
vt 0.56250000 0.75000000
vt 0.57812500 0.75000000
vt 0.59375000 0.75000000
vt 0.60937500 0.75000000
vt 0.62500000 0.75000000
vt 0.64062500 0.75000000
vt 0.65625000 0.75000000
vt 0.67187500 0.75000000
vt 0.68750000 0.75000000
vt 0.70312500 0.75000000
vt 0.71875000 0.75000000
vt 0.73437500 0.75000000
vt 0.75000000 0.75000000
vt 0.76562500 0.75000000
vt 0.78125000 0.75000000
vt 0.79687500 0.75000000
vt 0.81250000 0.75000000
vt 0.82812500 0.75000000
vt 0.84375000 0.75000000
vt 0.85937500 0.75000000
vt 0.87500000 0.75000000
vt 0.89062500 0.75000000
vt 0.90625000 0.75000000
vt 0.92187500 0.75000000
vt 0.93750000 0.75000000
vt 0.95312500 0.75000000
vt 0.96875000 0.75000000
vt 0.98437500 0.75000000
vt 1.00000000 0.75000000
vt 0.00000000 0.71875000
vt 0.01562500 0.71875000
vt 0.03125000 0.71875000
vt 0.04687500 0.71875000
vt 0.06250000 0.71875000
vt 0.07812500 0.71875000
vt 0.09375000 0.71875000
vt 0.10937500 0.71875000
vt 0.12500000 0.71875000
vt 0.14062500 0.71875000
vt 0.15625000 0.71875000
vt 0.17187500 0.71875000
vt 0.18750000 0.71875000
vt 0.20312500 0.71875000
vt 0.21875000 0.71875000
vt 0.23437500 0.71875000
vt 0.25000000 0.71875000
vt 0.26562500 0.71875000
vt 0.28125000 0.71875000
vt 0.29687500 0.71875000
vt 0.31250000 0.71875000
vt 0.32812500 0.71875000
vt 0.34375000 0.71875000
vt 0.35937500 0.71875000
vt 0.37500000 0.71875000
vt 0.39062500 0.71875000
vt 0.40625000 0.71875000
vt 0.42187500 0.71875000
vt 0.43750000 0.71875000
vt 0.45312500 0.71875000
vt 0.46875000 0.71875000
vt 0.48437500 0.71875000
vt 0.50000000 0.71875000
vt 0.51562500 0.71875000
vt 0.53125000 0.71875000
vt 0.54687500 0.71875000
vt 0.56250000 0.71875000
vt 0.57812500 0.71875000
vt 0.59375000 0.71875000
vt 0.60937500 0.71875000
vt 0.62500000 0.71875000
vt 0.64062500 0.71875000
vt 0.65625000 0.71875000
vt 0.67187500 0.71875000
vt 0.68750000 0.71875000
vt 0.70312500 0.71875000
vt 0.71875000 0.71875000
vt 0.73437500 0.71875000
vt 0.75000000 0.71875000
vt 0.76562500 0.71875000
vt 0.78125000 0.71875000
vt 0.79687500 0.71875000
vt 0.81250000 0.71875000
vt 0.82812500 0.71875000
vt 0.84375000 0.71875000
vt 0.85937500 0.71875000
vt 0.87500000 0.71875000
vt 0.89062500 0.71875000
vt 0.90625000 0.71875000
vt 0.92187500 0.71875000
vt 0.93750000 0.71875000
vt 0.95312500 0.71875000
vt 0.96875000 0.71875000
vt 0.98437500 0.71875000
vt 1.00000000 0.71875000
vt 0.00000000 0.68750000
vt 0.01562500 0.68750000
vt 0.03125000 0.68750000
vt 0.04687500 0.68750000
vt 0.06250000 0.68750000
vt 0.07812500 0.68750000
vt 0.09375000 0.68750000
vt 0.10937500 0.68750000
vt 0.12500000 0.68750000
vt 0.14062500 0.68750000
vt 0.15625000 0.68750000
vt 0.17187500 0.68750000
vt 0.18750000 0.68750000
vt 0.20312500 0.68750000
vt 0.21875000 0.68750000
vt 0.23437500 0.68750000
vt 0.25000000 0.68750000
vt 0.26562500 0.68750000
vt 0.28125000 0.68750000
vt 0.29687500 0.68750000
vt 0.31250000 0.68750000
vt 0.32812500 0.68750000
vt 0.34375000 0.68750000
vt 0.35937500 0.68750000
vt 0.37500000 0.68750000
vt 0.39062500 0.68750000
vt 0.40625000 0.68750000
vt 0.42187500 0.68750000
vt 0.43750000 0.68750000
vt 0.45312500 0.68750000
vt 0.46875000 0.68750000
vt 0.48437500 0.68750000
vt 0.50000000 0.68750000
vt 0.51562500 0.68750000
vt 0.53125000 0.68750000
vt 0.54687500 0.68750000
vt 0.56250000 0.68750000
vt 0.57812500 0.68750000
vt 0.59375000 0.68750000
vt 0.60937500 0.68750000
vt 0.62500000 0.68750000
vt 0.64062500 0.68750000
vt 0.65625000 0.68750000
vt 0.67187500 0.68750000
vt 0.68750000 0.68750000
vt 0.70312500 0.68750000
vt 0.71875000 0.68750000
vt 0.73437500 0.68750000
vt 0.75000000 0.68750000
vt 0.76562500 0.68750000
vt 0.78125000 0.68750000
vt 0.79687500 0.68750000
vt 0.81250000 0.68750000
vt 0.82812500 0.68750000
vt 0.84375000 0.68750000
vt 0.85937500 0.68750000
vt 0.87500000 0.68750000
vt 0.89062500 0.68750000
vt 0.90625000 0.68750000
vt 0.92187500 0.68750000
vt 0.93750000 0.68750000
vt 0.95312500 0.68750000
vt 0.96875000 0.68750000
vt 0.98437500 0.68750000
vt 1.00000000 0.68750000
vt 0.00000000 0.65625000
vt 0.01562500 0.65625000
vt 0.03125000 0.65625000
vt 0.04687500 0.65625000
vt 0.06250000 0.65625000
vt 0.07812500 0.65625000
vt 0.09375000 0.65625000
vt 0.10937500 0.65625000
vt 0.12500000 0.65625000
vt 0.14062500 0.65625000
vt 0.15625000 0.65625000
vt 0.17187500 0.65625000
vt 0.18750000 0.65625000
vt 0.20312500 0.65625000
vt 0.21875000 0.65625000
vt 0.23437500 0.65625000
vt 0.25000000 0.65625000
vt 0.26562500 0.65625000
vt 0.28125000 0.65625000
vt 0.29687500 0.65625000
vt 0.31250000 0.65625000
vt 0.32812500 0.65625000
vt 0.34375000 0.65625000
vt 0.35937500 0.65625000
vt 0.37500000 0.65625000
vt 0.39062500 0.65625000
vt 0.40625000 0.65625000
vt 0.42187500 0.65625000
vt 0.43750000 0.65625000
vt 0.45312500 0.65625000
vt 0.46875000 0.65625000
vt 0.48437500 0.65625000
vt 0.50000000 0.65625000
vt 0.51562500 0.65625000
vt 0.53125000 0.65625000
vt 0.54687500 0.65625000
vt 0.56250000 0.65625000
vt 0.57812500 0.65625000
vt 0.59375000 0.65625000
vt 0.60937500 0.65625000
vt 0.62500000 0.65625000
vt 0.64062500 0.65625000
vt 0.65625000 0.65625000
vt 0.67187500 0.65625000
vt 0.68750000 0.65625000
vt 0.70312500 0.65625000
vt 0.71875000 0.65625000
vt 0.73437500 0.65625000
vt 0.75000000 0.65625000
vt 0.76562500 0.65625000
vt 0.78125000 0.65625000
vt 0.79687500 0.65625000
vt 0.81250000 0.65625000
vt 0.82812500 0.65625000
vt 0.84375000 0.65625000
vt 0.85937500 0.65625000
vt 0.87500000 0.65625000
vt 0.89062500 0.65625000
vt 0.90625000 0.65625000
vt 0.92187500 0.65625000
vt 0.93750000 0.65625000
vt 0.95312500 0.65625000
vt 0.96875000 0.65625000
vt 0.98437500 0.65625000
vt 1.00000000 0.65625000
vt 0.00000000 0.62500000
vt 0.01562500 0.62500000
vt 0.03125000 0.62500000
vt 0.04687500 0.62500000
vt 0.06250000 0.62500000
vt 0.07812500 0.62500000
vt 0.09375000 0.62500000
vt 0.10937500 0.62500000
vt 0.12500000 0.62500000
vt 0.14062500 0.62500000
vt 0.15625000 0.62500000
vt 0.17187500 0.62500000
vt 0.18750000 0.62500000
vt 0.20312500 0.62500000
vt 0.21875000 0.62500000
vt 0.23437500 0.62500000
vt 0.25000000 0.62500000
vt 0.26562500 0.62500000
vt 0.28125000 0.62500000
vt 0.29687500 0.62500000
vt 0.31250000 0.62500000
vt 0.32812500 0.62500000
vt 0.34375000 0.62500000
vt 0.35937500 0.62500000
vt 0.37500000 0.62500000
vt 0.39062500 0.62500000
vt 0.40625000 0.62500000
vt 0.42187500 0.62500000
vt 0.43750000 0.62500000
vt 0.45312500 0.62500000
vt 0.46875000 0.62500000
vt 0.48437500 0.62500000
vt 0.50000000 0.62500000
vt 0.51562500 0.62500000
vt 0.53125000 0.62500000
vt 0.54687500 0.62500000
vt 0.56250000 0.62500000
vt 0.57812500 0.62500000
vt 0.59375000 0.62500000
vt 0.60937500 0.62500000
vt 0.62500000 0.62500000
vt 0.64062500 0.62500000
vt 0.65625000 0.62500000
vt 0.67187500 0.62500000
vt 0.68750000 0.62500000
vt 0.70312500 0.62500000
vt 0.71875000 0.62500000
vt 0.73437500 0.62500000
vt 0.75000000 0.62500000
vt 0.76562500 0.62500000
vt 0.78125000 0.62500000
vt 0.79687500 0.62500000
vt 0.81250000 0.62500000
vt 0.82812500 0.62500000
vt 0.84375000 0.62500000
vt 0.85937500 0.62500000
vt 0.87500000 0.62500000
vt 0.89062500 0.62500000
vt 0.90625000 0.62500000
vt 0.92187500 0.62500000
vt 0.93750000 0.62500000
vt 0.95312500 0.62500000
vt 0.96875000 0.62500000
vt 0.98437500 0.62500000
vt 1.00000000 0.62500000
vt 0.00000000 0.59375000
vt 0.01562500 0.59375000
vt 0.03125000 0.59375000
vt 0.04687500 0.59375000
vt 0.06250000 0.59375000
vt 0.07812500 0.59375000
vt 0.09375000 0.59375000
vt 0.10937500 0.59375000
vt 0.12500000 0.59375000
vt 0.14062500 0.59375000
vt 0.15625000 0.59375000
vt 0.17187500 0.59375000
vt 0.18750000 0.59375000
vt 0.20312500 0.59375000
vt 0.21875000 0.59375000
vt 0.23437500 0.59375000
vt 0.25000000 0.59375000
vt 0.26562500 0.59375000
vt 0.28125000 0.59375000
vt 0.29687500 0.59375000
vt 0.31250000 0.59375000
vt 0.32812500 0.59375000
vt 0.34375000 0.59375000
vt 0.35937500 0.59375000
vt 0.37500000 0.59375000
vt 0.39062500 0.59375000
vt 0.40625000 0.59375000
vt 0.42187500 0.59375000
vt 0.43750000 0.59375000
vt 0.45312500 0.59375000
vt 0.46875000 0.59375000
vt 0.48437500 0.59375000
vt 0.50000000 0.59375000
vt 0.51562500 0.59375000
vt 0.53125000 0.59375000
vt 0.54687500 0.59375000
vt 0.56250000 0.59375000
vt 0.57812500 0.59375000
vt 0.59375000 0.59375000
vt 0.60937500 0.59375000
vt 0.62500000 0.59375000
vt 0.64062500 0.59375000
vt 0.65625000 0.59375000
vt 0.67187500 0.59375000
vt 0.68750000 0.59375000
vt 0.70312500 0.59375000
vt 0.71875000 0.59375000
vt 0.73437500 0.59375000
vt 0.75000000 0.59375000
vt 0.76562500 0.59375000
vt 0.78125000 0.59375000
vt 0.79687500 0.59375000
vt 0.81250000 0.59375000
vt 0.82812500 0.59375000
vt 0.84375000 0.59375000
vt 0.85937500 0.59375000
vt 0.87500000 0.59375000
vt 0.89062500 0.59375000
vt 0.90625000 0.59375000
vt 0.92187500 0.59375000
vt 0.93750000 0.59375000
vt 0.95312500 0.59375000
vt 0.96875000 0.59375000
vt 0.98437500 0.59375000
vt 1.00000000 0.59375000
vt 0.00000000 0.56250000
vt 0.01562500 0.56250000
vt 0.03125000 0.56250000
vt 0.04687500 0.56250000
vt 0.06250000 0.56250000
vt 0.07812500 0.56250000
vt 0.09375000 0.56250000
vt 0.10937500 0.56250000
vt 0.12500000 0.56250000
vt 0.14062500 0.56250000
vt 0.15625000 0.56250000
vt 0.17187500 0.56250000
vt 0.18750000 0.56250000
vt 0.20312500 0.56250000
vt 0.21875000 0.56250000
vt 0.23437500 0.56250000
vt 0.25000000 0.56250000
vt 0.26562500 0.56250000
vt 0.28125000 0.56250000
vt 0.29687500 0.56250000
vt 0.31250000 0.56250000
vt 0.32812500 0.56250000
vt 0.34375000 0.56250000
vt 0.35937500 0.56250000
vt 0.37500000 0.56250000
vt 0.39062500 0.56250000
vt 0.40625000 0.56250000
vt 0.42187500 0.56250000
vt 0.43750000 0.56250000
vt 0.45312500 0.56250000
vt 0.46875000 0.56250000
vt 0.48437500 0.56250000
vt 0.50000000 0.56250000
vt 0.51562500 0.56250000
vt 0.53125000 0.56250000
vt 0.54687500 0.56250000
vt 0.56250000 0.56250000
vt 0.57812500 0.56250000
vt 0.59375000 0.56250000
vt 0.60937500 0.56250000
vt 0.62500000 0.56250000
vt 0.64062500 0.56250000
vt 0.65625000 0.56250000
vt 0.67187500 0.56250000
vt 0.68750000 0.56250000
vt 0.70312500 0.56250000
vt 0.71875000 0.56250000
vt 0.73437500 0.56250000
vt 0.75000000 0.56250000
vt 0.76562500 0.56250000
vt 0.78125000 0.56250000
vt 0.79687500 0.56250000
vt 0.81250000 0.56250000
vt 0.82812500 0.56250000
vt 0.84375000 0.56250000
vt 0.85937500 0.56250000
vt 0.87500000 0.56250000
vt 0.89062500 0.56250000
vt 0.90625000 0.56250000
vt 0.92187500 0.56250000
vt 0.93750000 0.56250000
vt 0.95312500 0.56250000
vt 0.96875000 0.56250000
vt 0.98437500 0.56250000
vt 1.00000000 0.56250000
vt 0.00000000 0.53125000
vt 0.01562500 0.53125000
vt 0.03125000 0.53125000
vt 0.04687500 0.53125000
vt 0.06250000 0.53125000
vt 0.07812500 0.53125000
vt 0.09375000 0.53125000
vt 0.10937500 0.53125000
vt 0.12500000 0.53125000
vt 0.14062500 0.53125000
vt 0.15625000 0.53125000
vt 0.17187500 0.53125000
vt 0.18750000 0.53125000
vt 0.20312500 0.53125000
vt 0.21875000 0.53125000
vt 0.23437500 0.53125000
vt 0.25000000 0.53125000
vt 0.26562500 0.53125000
vt 0.28125000 0.53125000
vt 0.29687500 0.53125000
vt 0.31250000 0.53125000
vt 0.32812500 0.53125000
vt 0.34375000 0.53125000
vt 0.35937500 0.53125000
vt 0.37500000 0.53125000
vt 0.39062500 0.53125000
vt 0.40625000 0.53125000
vt 0.42187500 0.53125000
vt 0.43750000 0.53125000
vt 0.45312500 0.53125000
vt 0.46875000 0.53125000
vt 0.48437500 0.53125000
vt 0.50000000 0.53125000
vt 0.51562500 0.53125000
vt 0.53125000 0.53125000
vt 0.54687500 0.53125000
vt 0.56250000 0.53125000
vt 0.57812500 0.53125000
vt 0.59375000 0.53125000
vt 0.60937500 0.53125000
vt 0.62500000 0.53125000
vt 0.64062500 0.53125000
vt 0.65625000 0.53125000
vt 0.67187500 0.53125000
vt 0.68750000 0.53125000
vt 0.70312500 0.53125000
vt 0.71875000 0.53125000
vt 0.73437500 0.53125000
vt 0.75000000 0.53125000
vt 0.76562500 0.53125000
vt 0.78125000 0.53125000
vt 0.79687500 0.53125000
vt 0.81250000 0.53125000
vt 0.82812500 0.53125000
vt 0.84375000 0.53125000
vt 0.85937500 0.53125000
vt 0.87500000 0.53125000
vt 0.89062500 0.53125000
vt 0.90625000 0.53125000
vt 0.92187500 0.53125000
vt 0.93750000 0.53125000
vt 0.95312500 0.53125000
vt 0.96875000 0.53125000
vt 0.98437500 0.53125000
vt 1.00000000 0.53125000
vt 0.00000000 0.50000000
vt 0.01562500 0.50000000
vt 0.03125000 0.50000000
vt 0.04687500 0.50000000
vt 0.06250000 0.50000000
vt 0.07812500 0.50000000
vt 0.09375000 0.50000000
vt 0.10937500 0.50000000
vt 0.12500000 0.50000000
vt 0.14062500 0.50000000
vt 0.15625000 0.50000000
vt 0.17187500 0.50000000
vt 0.18750000 0.50000000
vt 0.20312500 0.50000000
vt 0.21875000 0.50000000
vt 0.23437500 0.50000000
vt 0.25000000 0.50000000
vt 0.26562500 0.50000000
vt 0.28125000 0.50000000
vt 0.29687500 0.50000000
vt 0.31250000 0.50000000
vt 0.32812500 0.50000000
vt 0.34375000 0.50000000
vt 0.35937500 0.50000000
vt 0.37500000 0.50000000
vt 0.39062500 0.50000000
vt 0.40625000 0.50000000
vt 0.42187500 0.50000000
vt 0.43750000 0.50000000
vt 0.45312500 0.50000000
vt 0.46875000 0.50000000
vt 0.48437500 0.50000000
vt 0.50000000 0.50000000
vt 0.51562500 0.50000000
vt 0.53125000 0.50000000
vt 0.54687500 0.50000000
vt 0.56250000 0.50000000
vt 0.57812500 0.50000000
vt 0.59375000 0.50000000
vt 0.60937500 0.50000000
vt 0.62500000 0.50000000
vt 0.64062500 0.50000000
vt 0.65625000 0.50000000
vt 0.67187500 0.50000000
vt 0.68750000 0.50000000
vt 0.70312500 0.50000000
vt 0.71875000 0.50000000
vt 0.73437500 0.50000000
vt 0.75000000 0.50000000
vt 0.76562500 0.50000000
vt 0.78125000 0.50000000
vt 0.79687500 0.50000000
vt 0.81250000 0.50000000
vt 0.82812500 0.50000000
vt 0.84375000 0.50000000
vt 0.85937500 0.50000000
vt 0.87500000 0.50000000
vt 0.89062500 0.50000000
vt 0.90625000 0.50000000
vt 0.92187500 0.50000000
vt 0.93750000 0.50000000
vt 0.95312500 0.50000000
vt 0.96875000 0.50000000
vt 0.98437500 0.50000000
vt 1.00000000 0.50000000
vt 0.00000000 0.46875000
vt 0.01562500 0.46875000
vt 0.03125000 0.46875000
vt 0.04687500 0.46875000
vt 0.06250000 0.46875000
vt 0.07812500 0.46875000
vt 0.09375000 0.46875000
vt 0.10937500 0.46875000
vt 0.12500000 0.46875000
vt 0.14062500 0.46875000
vt 0.15625000 0.46875000
vt 0.17187500 0.46875000
vt 0.18750000 0.46875000
vt 0.20312500 0.46875000
vt 0.21875000 0.46875000
vt 0.23437500 0.46875000
vt 0.25000000 0.46875000
vt 0.26562500 0.46875000
vt 0.28125000 0.46875000
vt 0.29687500 0.46875000
vt 0.31250000 0.46875000
vt 0.32812500 0.46875000
vt 0.34375000 0.46875000
vt 0.35937500 0.46875000
vt 0.37500000 0.46875000
vt 0.39062500 0.46875000
vt 0.40625000 0.46875000
vt 0.42187500 0.46875000
vt 0.43750000 0.46875000
vt 0.45312500 0.46875000
vt 0.46875000 0.46875000
vt 0.48437500 0.46875000
vt 0.50000000 0.46875000
vt 0.51562500 0.46875000
vt 0.53125000 0.46875000
vt 0.54687500 0.46875000
vt 0.56250000 0.46875000
vt 0.57812500 0.46875000
vt 0.59375000 0.46875000
vt 0.60937500 0.46875000
vt 0.62500000 0.46875000
vt 0.64062500 0.46875000
vt 0.65625000 0.46875000
vt 0.67187500 0.46875000
vt 0.68750000 0.46875000
vt 0.70312500 0.46875000
vt 0.71875000 0.46875000
vt 0.73437500 0.46875000
vt 0.75000000 0.46875000
vt 0.76562500 0.46875000
vt 0.78125000 0.46875000
vt 0.79687500 0.46875000
vt 0.81250000 0.46875000
vt 0.82812500 0.46875000
vt 0.84375000 0.46875000
vt 0.85937500 0.46875000
vt 0.87500000 0.46875000
vt 0.89062500 0.46875000
vt 0.90625000 0.46875000
vt 0.92187500 0.46875000
vt 0.93750000 0.46875000
vt 0.95312500 0.46875000
vt 0.96875000 0.46875000
vt 0.98437500 0.46875000
vt 1.00000000 0.46875000
vt 0.00000000 0.43750000
vt 0.01562500 0.43750000
vt 0.03125000 0.43750000
vt 0.04687500 0.43750000
vt 0.06250000 0.43750000
vt 0.07812500 0.43750000
vt 0.09375000 0.43750000
vt 0.10937500 0.43750000
vt 0.12500000 0.43750000
vt 0.14062500 0.43750000
vt 0.15625000 0.43750000
vt 0.17187500 0.43750000
vt 0.18750000 0.43750000
vt 0.20312500 0.43750000
vt 0.21875000 0.43750000
vt 0.23437500 0.43750000
vt 0.25000000 0.43750000
vt 0.26562500 0.43750000
vt 0.28125000 0.43750000
vt 0.29687500 0.43750000
vt 0.31250000 0.43750000
vt 0.32812500 0.43750000
vt 0.34375000 0.43750000
vt 0.35937500 0.43750000
vt 0.37500000 0.43750000
vt 0.39062500 0.43750000
vt 0.40625000 0.43750000
vt 0.42187500 0.43750000
vt 0.43750000 0.43750000
vt 0.45312500 0.43750000
vt 0.46875000 0.43750000
vt 0.48437500 0.43750000
vt 0.50000000 0.43750000
vt 0.51562500 0.43750000
vt 0.53125000 0.43750000
vt 0.54687500 0.43750000
vt 0.56250000 0.43750000
vt 0.57812500 0.43750000
vt 0.59375000 0.43750000
vt 0.60937500 0.43750000
vt 0.62500000 0.43750000
vt 0.64062500 0.43750000
vt 0.65625000 0.43750000
vt 0.67187500 0.43750000
vt 0.68750000 0.43750000
vt 0.70312500 0.43750000
vt 0.71875000 0.43750000
vt 0.73437500 0.43750000
vt 0.75000000 0.43750000
vt 0.76562500 0.43750000
vt 0.78125000 0.43750000
vt 0.79687500 0.43750000
vt 0.81250000 0.43750000
vt 0.82812500 0.43750000
vt 0.84375000 0.43750000
vt 0.85937500 0.43750000
vt 0.87500000 0.43750000
vt 0.89062500 0.43750000
vt 0.90625000 0.43750000
vt 0.92187500 0.43750000
vt 0.93750000 0.43750000
vt 0.95312500 0.43750000
vt 0.96875000 0.43750000
vt 0.98437500 0.43750000
vt 1.00000000 0.43750000
vt 0.00000000 0.40625000
vt 0.01562500 0.40625000
vt 0.03125000 0.40625000
vt 0.04687500 0.40625000
vt 0.06250000 0.40625000
vt 0.07812500 0.40625000
vt 0.09375000 0.40625000
vt 0.10937500 0.40625000
vt 0.12500000 0.40625000
vt 0.14062500 0.40625000
vt 0.15625000 0.40625000
vt 0.17187500 0.40625000
vt 0.18750000 0.40625000
vt 0.20312500 0.40625000
vt 0.21875000 0.40625000
vt 0.23437500 0.40625000
vt 0.25000000 0.40625000
vt 0.26562500 0.40625000
vt 0.28125000 0.40625000
vt 0.29687500 0.40625000
vt 0.31250000 0.40625000
vt 0.32812500 0.40625000
vt 0.34375000 0.40625000
vt 0.35937500 0.40625000
vt 0.37500000 0.40625000
vt 0.39062500 0.40625000
vt 0.40625000 0.40625000
vt 0.42187500 0.40625000
vt 0.43750000 0.40625000
vt 0.45312500 0.40625000
vt 0.46875000 0.40625000
vt 0.48437500 0.40625000
vt 0.50000000 0.40625000
vt 0.51562500 0.40625000
vt 0.53125000 0.40625000
vt 0.54687500 0.40625000
vt 0.56250000 0.40625000
vt 0.57812500 0.40625000
vt 0.59375000 0.40625000
vt 0.60937500 0.40625000
vt 0.62500000 0.40625000
vt 0.64062500 0.40625000
vt 0.65625000 0.40625000
vt 0.67187500 0.40625000
vt 0.68750000 0.40625000
vt 0.70312500 0.40625000
vt 0.71875000 0.40625000
vt 0.73437500 0.40625000
vt 0.75000000 0.40625000
vt 0.76562500 0.40625000
vt 0.78125000 0.40625000
vt 0.79687500 0.40625000
vt 0.81250000 0.40625000
vt 0.82812500 0.40625000
vt 0.84375000 0.40625000
vt 0.85937500 0.40625000
vt 0.87500000 0.40625000
vt 0.89062500 0.40625000
vt 0.90625000 0.40625000
vt 0.92187500 0.40625000
vt 0.93750000 0.40625000
vt 0.95312500 0.40625000
vt 0.96875000 0.40625000
vt 0.98437500 0.40625000
vt 1.00000000 0.40625000
vt 0.00000000 0.37500000
vt 0.01562500 0.37500000
vt 0.03125000 0.37500000
vt 0.04687500 0.37500000
vt 0.06250000 0.37500000
vt 0.07812500 0.37500000
vt 0.09375000 0.37500000
vt 0.10937500 0.37500000
vt 0.12500000 0.37500000
vt 0.14062500 0.37500000
vt 0.15625000 0.37500000
vt 0.17187500 0.37500000
vt 0.18750000 0.37500000
vt 0.20312500 0.37500000
vt 0.21875000 0.37500000
vt 0.23437500 0.37500000
vt 0.25000000 0.37500000
vt 0.26562500 0.37500000
vt 0.28125000 0.37500000
vt 0.29687500 0.37500000
vt 0.31250000 0.37500000
vt 0.32812500 0.37500000
vt 0.34375000 0.37500000
vt 0.35937500 0.37500000
vt 0.37500000 0.37500000
vt 0.39062500 0.37500000
vt 0.40625000 0.37500000
vt 0.42187500 0.37500000
vt 0.43750000 0.37500000
vt 0.45312500 0.37500000
vt 0.46875000 0.37500000
vt 0.48437500 0.37500000
vt 0.50000000 0.37500000
vt 0.51562500 0.37500000
vt 0.53125000 0.37500000
vt 0.54687500 0.37500000
vt 0.56250000 0.37500000
vt 0.57812500 0.37500000
vt 0.59375000 0.37500000
vt 0.60937500 0.37500000
vt 0.62500000 0.37500000
vt 0.64062500 0.37500000
vt 0.65625000 0.37500000
vt 0.67187500 0.37500000
vt 0.68750000 0.37500000
vt 0.70312500 0.37500000
vt 0.71875000 0.37500000
vt 0.73437500 0.37500000
vt 0.75000000 0.37500000
vt 0.76562500 0.37500000
vt 0.78125000 0.37500000
vt 0.79687500 0.37500000
vt 0.81250000 0.37500000
vt 0.82812500 0.37500000
vt 0.84375000 0.37500000
vt 0.85937500 0.37500000
vt 0.87500000 0.37500000
vt 0.89062500 0.37500000
vt 0.90625000 0.37500000
vt 0.92187500 0.37500000
vt 0.93750000 0.37500000
vt 0.95312500 0.37500000
vt 0.96875000 0.37500000
vt 0.98437500 0.37500000
vt 1.00000000 0.37500000
vt 0.00000000 0.34375000
vt 0.01562500 0.34375000
vt 0.03125000 0.34375000
vt 0.04687500 0.34375000
vt 0.06250000 0.34375000
vt 0.07812500 0.34375000
vt 0.09375000 0.34375000
vt 0.10937500 0.34375000
vt 0.12500000 0.34375000
vt 0.14062500 0.34375000
vt 0.15625000 0.34375000
vt 0.17187500 0.34375000
vt 0.18750000 0.34375000
vt 0.20312500 0.34375000
vt 0.21875000 0.34375000
vt 0.23437500 0.34375000
vt 0.25000000 0.34375000
vt 0.26562500 0.34375000
vt 0.28125000 0.34375000
vt 0.29687500 0.34375000
vt 0.31250000 0.34375000
vt 0.32812500 0.34375000
vt 0.34375000 0.34375000
vt 0.35937500 0.34375000
vt 0.37500000 0.34375000
vt 0.39062500 0.34375000
vt 0.40625000 0.34375000
vt 0.42187500 0.34375000
vt 0.43750000 0.34375000
vt 0.45312500 0.34375000
vt 0.46875000 0.34375000
vt 0.48437500 0.34375000
vt 0.50000000 0.34375000
vt 0.51562500 0.34375000
vt 0.53125000 0.34375000
vt 0.54687500 0.34375000
vt 0.56250000 0.34375000
vt 0.57812500 0.34375000
vt 0.59375000 0.34375000
vt 0.60937500 0.34375000
vt 0.62500000 0.34375000
vt 0.64062500 0.34375000
vt 0.65625000 0.34375000
vt 0.67187500 0.34375000
vt 0.68750000 0.34375000
vt 0.70312500 0.34375000
vt 0.71875000 0.34375000
vt 0.73437500 0.34375000
vt 0.75000000 0.34375000
vt 0.76562500 0.34375000
vt 0.78125000 0.34375000
vt 0.79687500 0.34375000
vt 0.81250000 0.34375000
vt 0.82812500 0.34375000
vt 0.84375000 0.34375000
vt 0.85937500 0.34375000
vt 0.87500000 0.34375000
vt 0.89062500 0.34375000
vt 0.90625000 0.34375000
vt 0.92187500 0.34375000
vt 0.93750000 0.34375000
vt 0.95312500 0.34375000
vt 0.96875000 0.34375000
vt 0.98437500 0.34375000
vt 1.00000000 0.34375000
vt 0.00000000 0.31250000
vt 0.01562500 0.31250000
vt 0.03125000 0.31250000
vt 0.04687500 0.31250000
vt 0.06250000 0.31250000
vt 0.07812500 0.31250000
vt 0.09375000 0.31250000
vt 0.10937500 0.31250000
vt 0.12500000 0.31250000
vt 0.14062500 0.31250000
vt 0.15625000 0.31250000
vt 0.17187500 0.31250000
vt 0.18750000 0.31250000
vt 0.20312500 0.31250000
vt 0.21875000 0.31250000
vt 0.23437500 0.31250000
vt 0.25000000 0.31250000
vt 0.26562500 0.31250000
vt 0.28125000 0.31250000
vt 0.29687500 0.31250000
vt 0.31250000 0.31250000
vt 0.32812500 0.31250000
vt 0.34375000 0.31250000
vt 0.35937500 0.31250000
vt 0.37500000 0.31250000
vt 0.39062500 0.31250000
vt 0.40625000 0.31250000
vt 0.42187500 0.31250000
vt 0.43750000 0.31250000
vt 0.45312500 0.31250000
vt 0.46875000 0.31250000
vt 0.48437500 0.31250000
vt 0.50000000 0.31250000
vt 0.51562500 0.31250000
vt 0.53125000 0.31250000
vt 0.54687500 0.31250000
vt 0.56250000 0.31250000
vt 0.57812500 0.31250000
vt 0.59375000 0.31250000
vt 0.60937500 0.31250000
vt 0.62500000 0.31250000
vt 0.64062500 0.31250000
vt 0.65625000 0.31250000
vt 0.67187500 0.31250000
vt 0.68750000 0.31250000
vt 0.70312500 0.31250000
vt 0.71875000 0.31250000
vt 0.73437500 0.31250000
vt 0.75000000 0.31250000
vt 0.76562500 0.31250000
vt 0.78125000 0.31250000
vt 0.79687500 0.31250000
vt 0.81250000 0.31250000
vt 0.82812500 0.31250000
vt 0.84375000 0.31250000
vt 0.85937500 0.31250000
vt 0.87500000 0.31250000
vt 0.89062500 0.31250000
vt 0.90625000 0.31250000
vt 0.92187500 0.31250000
vt 0.93750000 0.31250000
vt 0.95312500 0.31250000
vt 0.96875000 0.31250000
vt 0.98437500 0.31250000
vt 1.00000000 0.31250000
vt 0.00000000 0.28125000
vt 0.01562500 0.28125000
vt 0.03125000 0.28125000
vt 0.04687500 0.28125000
vt 0.06250000 0.28125000
vt 0.07812500 0.28125000
vt 0.09375000 0.28125000
vt 0.10937500 0.28125000
vt 0.12500000 0.28125000
vt 0.14062500 0.28125000
vt 0.15625000 0.28125000
vt 0.17187500 0.28125000
vt 0.18750000 0.28125000
vt 0.20312500 0.28125000
vt 0.21875000 0.28125000
vt 0.23437500 0.28125000
vt 0.25000000 0.28125000
vt 0.26562500 0.28125000
vt 0.28125000 0.28125000
vt 0.29687500 0.28125000
vt 0.31250000 0.28125000
vt 0.32812500 0.28125000
vt 0.34375000 0.28125000
vt 0.35937500 0.28125000
vt 0.37500000 0.28125000
vt 0.39062500 0.28125000
vt 0.40625000 0.28125000
vt 0.42187500 0.28125000
vt 0.43750000 0.28125000
vt 0.45312500 0.28125000
vt 0.46875000 0.28125000
vt 0.48437500 0.28125000
vt 0.50000000 0.28125000
vt 0.51562500 0.28125000
vt 0.53125000 0.28125000
vt 0.54687500 0.28125000
vt 0.56250000 0.28125000
vt 0.57812500 0.28125000
vt 0.59375000 0.28125000
vt 0.60937500 0.28125000
vt 0.62500000 0.28125000
vt 0.64062500 0.28125000
vt 0.65625000 0.28125000
vt 0.67187500 0.28125000
vt 0.68750000 0.28125000
vt 0.70312500 0.28125000
vt 0.71875000 0.28125000
vt 0.73437500 0.28125000
vt 0.75000000 0.28125000
vt 0.76562500 0.28125000
vt 0.78125000 0.28125000
vt 0.79687500 0.28125000
vt 0.81250000 0.28125000
vt 0.82812500 0.28125000
vt 0.84375000 0.28125000
vt 0.85937500 0.28125000
vt 0.87500000 0.28125000
vt 0.89062500 0.28125000
vt 0.90625000 0.28125000
vt 0.92187500 0.28125000
vt 0.93750000 0.28125000
vt 0.95312500 0.28125000
vt 0.96875000 0.28125000
vt 0.98437500 0.28125000
vt 1.00000000 0.28125000
vt 0.00000000 0.25000000
vt 0.01562500 0.25000000
vt 0.03125000 0.25000000
vt 0.04687500 0.25000000
vt 0.06250000 0.25000000
vt 0.07812500 0.25000000
vt 0.09375000 0.25000000
vt 0.10937500 0.25000000
vt 0.12500000 0.25000000
vt 0.14062500 0.25000000
vt 0.15625000 0.25000000
vt 0.17187500 0.25000000
vt 0.18750000 0.25000000
vt 0.20312500 0.25000000
vt 0.21875000 0.25000000
vt 0.23437500 0.25000000
vt 0.25000000 0.25000000
vt 0.26562500 0.25000000
vt 0.28125000 0.25000000
vt 0.29687500 0.25000000
vt 0.31250000 0.25000000
vt 0.32812500 0.25000000
vt 0.34375000 0.25000000
vt 0.35937500 0.25000000
vt 0.37500000 0.25000000
vt 0.39062500 0.25000000
vt 0.40625000 0.25000000
vt 0.42187500 0.25000000
vt 0.43750000 0.25000000
vt 0.45312500 0.25000000
vt 0.46875000 0.25000000
vt 0.48437500 0.25000000
vt 0.50000000 0.25000000
vt 0.51562500 0.25000000
vt 0.53125000 0.25000000
vt 0.54687500 0.25000000
vt 0.56250000 0.25000000
vt 0.57812500 0.25000000
vt 0.59375000 0.25000000
vt 0.60937500 0.25000000
vt 0.62500000 0.25000000
vt 0.64062500 0.25000000
vt 0.65625000 0.25000000
vt 0.67187500 0.25000000
vt 0.68750000 0.25000000
vt 0.70312500 0.25000000
vt 0.71875000 0.25000000
vt 0.73437500 0.25000000
vt 0.75000000 0.25000000
vt 0.76562500 0.25000000
vt 0.78125000 0.25000000
vt 0.79687500 0.25000000
vt 0.81250000 0.25000000
vt 0.82812500 0.25000000
vt 0.84375000 0.25000000
vt 0.85937500 0.25000000
vt 0.87500000 0.25000000
vt 0.89062500 0.25000000
vt 0.90625000 0.25000000
vt 0.92187500 0.25000000
vt 0.93750000 0.25000000
vt 0.95312500 0.25000000
vt 0.96875000 0.25000000
vt 0.98437500 0.25000000
vt 1.00000000 0.25000000
vt 0.00000000 0.21875000
vt 0.01562500 0.21875000
vt 0.03125000 0.21875000
vt 0.04687500 0.21875000
vt 0.06250000 0.21875000
vt 0.07812500 0.21875000
vt 0.09375000 0.21875000
vt 0.10937500 0.21875000
vt 0.12500000 0.21875000
vt 0.14062500 0.21875000
vt 0.15625000 0.21875000
vt 0.17187500 0.21875000
vt 0.18750000 0.21875000
vt 0.20312500 0.21875000
vt 0.21875000 0.21875000
vt 0.23437500 0.21875000
vt 0.25000000 0.21875000
vt 0.26562500 0.21875000
vt 0.28125000 0.21875000
vt 0.29687500 0.21875000
vt 0.31250000 0.21875000
vt 0.32812500 0.21875000
vt 0.34375000 0.21875000
vt 0.35937500 0.21875000
vt 0.37500000 0.21875000
vt 0.39062500 0.21875000
vt 0.40625000 0.21875000
vt 0.42187500 0.21875000
vt 0.43750000 0.21875000
vt 0.45312500 0.21875000
vt 0.46875000 0.21875000
vt 0.48437500 0.21875000
vt 0.50000000 0.21875000
vt 0.51562500 0.21875000
vt 0.53125000 0.21875000
vt 0.54687500 0.21875000
vt 0.56250000 0.21875000
vt 0.57812500 0.21875000
vt 0.59375000 0.21875000
vt 0.60937500 0.21875000
vt 0.62500000 0.21875000
vt 0.64062500 0.21875000
vt 0.65625000 0.21875000
vt 0.67187500 0.21875000
vt 0.68750000 0.21875000
vt 0.70312500 0.21875000
vt 0.71875000 0.21875000
vt 0.73437500 0.21875000
vt 0.75000000 0.21875000
vt 0.76562500 0.21875000
vt 0.78125000 0.21875000
vt 0.79687500 0.21875000
vt 0.81250000 0.21875000
vt 0.82812500 0.21875000
vt 0.84375000 0.21875000
vt 0.85937500 0.21875000
vt 0.87500000 0.21875000
vt 0.89062500 0.21875000
vt 0.90625000 0.21875000
vt 0.92187500 0.21875000
vt 0.93750000 0.21875000
vt 0.95312500 0.21875000
vt 0.96875000 0.21875000
vt 0.98437500 0.21875000
vt 1.00000000 0.21875000
vt 0.00000000 0.18750000
vt 0.01562500 0.18750000
vt 0.03125000 0.18750000
vt 0.04687500 0.18750000
vt 0.06250000 0.18750000
vt 0.07812500 0.18750000
vt 0.09375000 0.18750000
vt 0.10937500 0.18750000
vt 0.12500000 0.18750000
vt 0.14062500 0.18750000
vt 0.15625000 0.18750000
vt 0.17187500 0.18750000
vt 0.18750000 0.18750000
vt 0.20312500 0.18750000
vt 0.21875000 0.18750000
vt 0.23437500 0.18750000
vt 0.25000000 0.18750000
vt 0.26562500 0.18750000
vt 0.28125000 0.18750000
vt 0.29687500 0.18750000
vt 0.31250000 0.18750000
vt 0.32812500 0.18750000
vt 0.34375000 0.18750000
vt 0.35937500 0.18750000
vt 0.37500000 0.18750000
vt 0.39062500 0.18750000
vt 0.40625000 0.18750000
vt 0.42187500 0.18750000
vt 0.43750000 0.18750000
vt 0.45312500 0.18750000
vt 0.46875000 0.18750000
vt 0.48437500 0.18750000
vt 0.50000000 0.18750000
vt 0.51562500 0.18750000
vt 0.53125000 0.18750000
vt 0.54687500 0.18750000
vt 0.56250000 0.18750000
vt 0.57812500 0.18750000
vt 0.59375000 0.18750000
vt 0.60937500 0.18750000
vt 0.62500000 0.18750000
vt 0.64062500 0.18750000
vt 0.65625000 0.18750000
vt 0.67187500 0.18750000
vt 0.68750000 0.18750000
vt 0.70312500 0.18750000
vt 0.71875000 0.18750000
vt 0.73437500 0.18750000
vt 0.75000000 0.18750000
vt 0.76562500 0.18750000
vt 0.78125000 0.18750000
vt 0.79687500 0.18750000
vt 0.81250000 0.18750000
vt 0.82812500 0.18750000
vt 0.84375000 0.18750000
vt 0.85937500 0.18750000
vt 0.87500000 0.18750000
vt 0.89062500 0.18750000
vt 0.90625000 0.18750000
vt 0.92187500 0.18750000
vt 0.93750000 0.18750000
vt 0.95312500 0.18750000
vt 0.96875000 0.18750000
vt 0.98437500 0.18750000
vt 1.00000000 0.18750000
vt 0.00000000 0.15625000
vt 0.01562500 0.15625000
vt 0.03125000 0.15625000
vt 0.04687500 0.15625000
vt 0.06250000 0.15625000
vt 0.07812500 0.15625000
vt 0.09375000 0.15625000
vt 0.10937500 0.15625000
vt 0.12500000 0.15625000
vt 0.14062500 0.15625000
vt 0.15625000 0.15625000
vt 0.17187500 0.15625000
vt 0.18750000 0.15625000
vt 0.20312500 0.15625000
vt 0.21875000 0.15625000
vt 0.23437500 0.15625000
vt 0.25000000 0.15625000
vt 0.26562500 0.15625000
vt 0.28125000 0.15625000
vt 0.29687500 0.15625000
vt 0.31250000 0.15625000
vt 0.32812500 0.15625000
vt 0.34375000 0.15625000
vt 0.35937500 0.15625000
vt 0.37500000 0.15625000
vt 0.39062500 0.15625000
vt 0.40625000 0.15625000
vt 0.42187500 0.15625000
vt 0.43750000 0.15625000
vt 0.45312500 0.15625000
vt 0.46875000 0.15625000
vt 0.48437500 0.15625000
vt 0.50000000 0.15625000
vt 0.51562500 0.15625000
vt 0.53125000 0.15625000
vt 0.54687500 0.15625000
vt 0.56250000 0.15625000
vt 0.57812500 0.15625000
vt 0.59375000 0.15625000
vt 0.60937500 0.15625000
vt 0.62500000 0.15625000
vt 0.64062500 0.15625000
vt 0.65625000 0.15625000
vt 0.67187500 0.15625000
vt 0.68750000 0.15625000
vt 0.70312500 0.15625000
vt 0.71875000 0.15625000
vt 0.73437500 0.15625000
vt 0.75000000 0.15625000
vt 0.76562500 0.15625000
vt 0.78125000 0.15625000
vt 0.79687500 0.15625000
vt 0.81250000 0.15625000
vt 0.82812500 0.15625000
vt 0.84375000 0.15625000
vt 0.85937500 0.15625000
vt 0.87500000 0.15625000
vt 0.89062500 0.15625000
vt 0.90625000 0.15625000
vt 0.92187500 0.15625000
vt 0.93750000 0.15625000
vt 0.95312500 0.15625000
vt 0.96875000 0.15625000
vt 0.98437500 0.15625000
vt 1.00000000 0.15625000
vt 0.00000000 0.12500000
vt 0.01562500 0.12500000
vt 0.03125000 0.12500000
vt 0.04687500 0.12500000
vt 0.06250000 0.12500000
vt 0.07812500 0.12500000
vt 0.09375000 0.12500000
vt 0.10937500 0.12500000
vt 0.12500000 0.12500000
vt 0.14062500 0.12500000
vt 0.15625000 0.12500000
vt 0.17187500 0.12500000
vt 0.18750000 0.12500000
vt 0.20312500 0.12500000
vt 0.21875000 0.12500000
vt 0.23437500 0.12500000
vt 0.25000000 0.12500000
vt 0.26562500 0.12500000
vt 0.28125000 0.12500000
vt 0.29687500 0.12500000
vt 0.31250000 0.12500000
vt 0.32812500 0.12500000
vt 0.34375000 0.12500000
vt 0.35937500 0.12500000
vt 0.37500000 0.12500000
vt 0.39062500 0.12500000
vt 0.40625000 0.12500000
vt 0.42187500 0.12500000
vt 0.43750000 0.12500000
vt 0.45312500 0.12500000
vt 0.46875000 0.12500000
vt 0.48437500 0.12500000
vt 0.50000000 0.12500000
vt 0.51562500 0.12500000
vt 0.53125000 0.12500000
vt 0.54687500 0.12500000
vt 0.56250000 0.12500000
vt 0.57812500 0.12500000
vt 0.59375000 0.12500000
vt 0.60937500 0.12500000
vt 0.62500000 0.12500000
vt 0.64062500 0.12500000
vt 0.65625000 0.12500000
vt 0.67187500 0.12500000
vt 0.68750000 0.12500000
vt 0.70312500 0.12500000
vt 0.71875000 0.12500000
vt 0.73437500 0.12500000
vt 0.75000000 0.12500000
vt 0.76562500 0.12500000
vt 0.78125000 0.12500000
vt 0.79687500 0.12500000
vt 0.81250000 0.12500000
vt 0.82812500 0.12500000
vt 0.84375000 0.12500000
vt 0.85937500 0.12500000
vt 0.87500000 0.12500000
vt 0.89062500 0.12500000
vt 0.90625000 0.12500000
vt 0.92187500 0.12500000
vt 0.93750000 0.12500000
vt 0.95312500 0.12500000
vt 0.96875000 0.12500000
vt 0.98437500 0.12500000
vt 1.00000000 0.12500000
vt 0.00000000 0.09375000
vt 0.01562500 0.09375000
vt 0.03125000 0.09375000
vt 0.04687500 0.09375000
vt 0.06250000 0.09375000
vt 0.07812500 0.09375000
vt 0.09375000 0.09375000
vt 0.10937500 0.09375000
vt 0.12500000 0.09375000
vt 0.14062500 0.09375000
vt 0.15625000 0.09375000
vt 0.17187500 0.09375000
vt 0.18750000 0.09375000
vt 0.20312500 0.09375000
vt 0.21875000 0.09375000
vt 0.23437500 0.09375000
vt 0.25000000 0.09375000
vt 0.26562500 0.09375000
vt 0.28125000 0.09375000
vt 0.29687500 0.09375000
vt 0.31250000 0.09375000
vt 0.32812500 0.09375000
vt 0.34375000 0.09375000
vt 0.35937500 0.09375000
vt 0.37500000 0.09375000
vt 0.39062500 0.09375000
vt 0.40625000 0.09375000
vt 0.42187500 0.09375000
vt 0.43750000 0.09375000
vt 0.45312500 0.09375000
vt 0.46875000 0.09375000
vt 0.48437500 0.09375000
vt 0.50000000 0.09375000
vt 0.51562500 0.09375000
vt 0.53125000 0.09375000
vt 0.54687500 0.09375000
vt 0.56250000 0.09375000
vt 0.57812500 0.09375000
vt 0.59375000 0.09375000
vt 0.60937500 0.09375000
vt 0.62500000 0.09375000
vt 0.64062500 0.09375000
vt 0.65625000 0.09375000
vt 0.67187500 0.09375000
vt 0.68750000 0.09375000
vt 0.70312500 0.09375000
vt 0.71875000 0.09375000
vt 0.73437500 0.09375000
vt 0.75000000 0.09375000
vt 0.76562500 0.09375000
vt 0.78125000 0.09375000
vt 0.79687500 0.09375000
vt 0.81250000 0.09375000
vt 0.82812500 0.09375000
vt 0.84375000 0.09375000
vt 0.85937500 0.09375000
vt 0.87500000 0.09375000
vt 0.89062500 0.09375000
vt 0.90625000 0.09375000
vt 0.92187500 0.09375000
vt 0.93750000 0.09375000
vt 0.95312500 0.09375000
vt 0.96875000 0.09375000
vt 0.98437500 0.09375000
vt 1.00000000 0.09375000
vt 0.00000000 0.06250000
vt 0.01562500 0.06250000
vt 0.03125000 0.06250000
vt 0.04687500 0.06250000
vt 0.06250000 0.06250000
vt 0.07812500 0.06250000
vt 0.09375000 0.06250000
vt 0.10937500 0.06250000
vt 0.12500000 0.06250000
vt 0.14062500 0.06250000
vt 0.15625000 0.06250000
vt 0.17187500 0.06250000
vt 0.18750000 0.06250000
vt 0.20312500 0.06250000
vt 0.21875000 0.06250000
vt 0.23437500 0.06250000
vt 0.25000000 0.06250000
vt 0.26562500 0.06250000
vt 0.28125000 0.06250000
vt 0.29687500 0.06250000
vt 0.31250000 0.06250000
vt 0.32812500 0.06250000
vt 0.34375000 0.06250000
vt 0.35937500 0.06250000
vt 0.37500000 0.06250000
vt 0.39062500 0.06250000
vt 0.40625000 0.06250000
vt 0.42187500 0.06250000
vt 0.43750000 0.06250000
vt 0.45312500 0.06250000
vt 0.46875000 0.06250000
vt 0.48437500 0.06250000
vt 0.50000000 0.06250000
vt 0.51562500 0.06250000
vt 0.53125000 0.06250000
vt 0.54687500 0.06250000
vt 0.56250000 0.06250000
vt 0.57812500 0.06250000
vt 0.59375000 0.06250000
vt 0.60937500 0.06250000
vt 0.62500000 0.06250000
vt 0.64062500 0.06250000
vt 0.65625000 0.06250000
vt 0.67187500 0.06250000
vt 0.68750000 0.06250000
vt 0.70312500 0.06250000
vt 0.71875000 0.06250000
vt 0.73437500 0.06250000
vt 0.75000000 0.06250000
vt 0.76562500 0.06250000
vt 0.78125000 0.06250000
vt 0.79687500 0.06250000
vt 0.81250000 0.06250000
vt 0.82812500 0.06250000
vt 0.84375000 0.06250000
vt 0.85937500 0.06250000
vt 0.87500000 0.06250000
vt 0.89062500 0.06250000
vt 0.90625000 0.06250000
vt 0.92187500 0.06250000
vt 0.93750000 0.06250000
vt 0.95312500 0.06250000
vt 0.96875000 0.06250000
vt 0.98437500 0.06250000
vt 1.00000000 0.06250000
vt 0.00000000 0.03125000
vt 0.01562500 0.03125000
vt 0.03125000 0.03125000
vt 0.04687500 0.03125000
vt 0.06250000 0.03125000
vt 0.07812500 0.03125000
vt 0.09375000 0.03125000
vt 0.10937500 0.03125000
vt 0.12500000 0.03125000
vt 0.14062500 0.03125000
vt 0.15625000 0.03125000
vt 0.17187500 0.03125000
vt 0.18750000 0.03125000
vt 0.20312500 0.03125000
vt 0.21875000 0.03125000
vt 0.23437500 0.03125000
vt 0.25000000 0.03125000
vt 0.26562500 0.03125000
vt 0.28125000 0.03125000
vt 0.29687500 0.03125000
vt 0.31250000 0.03125000
vt 0.32812500 0.03125000
vt 0.34375000 0.03125000
vt 0.35937500 0.03125000
vt 0.37500000 0.03125000
vt 0.39062500 0.03125000
vt 0.40625000 0.03125000
vt 0.42187500 0.03125000
vt 0.43750000 0.03125000
vt 0.45312500 0.03125000
vt 0.46875000 0.03125000
vt 0.48437500 0.03125000
vt 0.50000000 0.03125000
vt 0.51562500 0.03125000
vt 0.53125000 0.03125000
vt 0.54687500 0.03125000
vt 0.56250000 0.03125000
vt 0.57812500 0.03125000
vt 0.59375000 0.03125000
vt 0.60937500 0.03125000
vt 0.62500000 0.03125000
vt 0.64062500 0.03125000
vt 0.65625000 0.03125000
vt 0.67187500 0.03125000
vt 0.68750000 0.03125000
vt 0.70312500 0.03125000
vt 0.71875000 0.03125000
vt 0.73437500 0.03125000
vt 0.75000000 0.03125000
vt 0.76562500 0.03125000
vt 0.78125000 0.03125000
vt 0.79687500 0.03125000
vt 0.81250000 0.03125000
vt 0.82812500 0.03125000
vt 0.84375000 0.03125000
vt 0.85937500 0.03125000
vt 0.87500000 0.03125000
vt 0.89062500 0.03125000
vt 0.90625000 0.03125000
vt 0.92187500 0.03125000
vt 0.93750000 0.03125000
vt 0.95312500 0.03125000
vt 0.96875000 0.03125000
vt 0.98437500 0.03125000
vt 1.00000000 0.03125000
vt 0.00000000 0.00000000
vt 0.01562500 0.00000000
vt 0.03125000 0.00000000
vt 0.04687500 0.00000000
vt 0.06250000 0.00000000
vt 0.07812500 0.00000000
vt 0.09375000 0.00000000
vt 0.10937500 0.00000000
vt 0.12500000 0.00000000
vt 0.14062500 0.00000000
vt 0.15625000 0.00000000
vt 0.17187500 0.00000000
vt 0.18750000 0.00000000
vt 0.20312500 0.00000000
vt 0.21875000 0.00000000
vt 0.23437500 0.00000000
vt 0.25000000 0.00000000
vt 0.26562500 0.00000000
vt 0.28125000 0.00000000
vt 0.29687500 0.00000000
vt 0.31250000 0.00000000
vt 0.32812500 0.00000000
vt 0.34375000 0.00000000
vt 0.35937500 0.00000000
vt 0.37500000 0.00000000
vt 0.39062500 0.00000000
vt 0.40625000 0.00000000
vt 0.42187500 0.00000000
vt 0.43750000 0.00000000
vt 0.45312500 0.00000000
vt 0.46875000 0.00000000
vt 0.48437500 0.00000000
vt 0.50000000 0.00000000
vt 0.51562500 0.00000000
vt 0.53125000 0.00000000
vt 0.54687500 0.00000000
vt 0.56250000 0.00000000
vt 0.57812500 0.00000000
vt 0.59375000 0.00000000
vt 0.60937500 0.00000000
vt 0.62500000 0.00000000
vt 0.64062500 0.00000000
vt 0.65625000 0.00000000
vt 0.67187500 0.00000000
vt 0.68750000 0.00000000
vt 0.70312500 0.00000000
vt 0.71875000 0.00000000
vt 0.73437500 0.00000000
vt 0.75000000 0.00000000
vt 0.76562500 0.00000000
vt 0.78125000 0.00000000
vt 0.79687500 0.00000000
vt 0.81250000 0.00000000
vt 0.82812500 0.00000000
vt 0.84375000 0.00000000
vt 0.85937500 0.00000000
vt 0.87500000 0.00000000
vt 0.89062500 0.00000000
vt 0.90625000 0.00000000
vt 0.92187500 0.00000000
vt 0.93750000 0.00000000
vt 0.95312500 0.00000000
vt 0.96875000 0.00000000
vt 0.98437500 0.00000000
vt 1.00000000 0.00000000
f 2/2 67/67 66/66
f 3/3 68/68 67/67
f 4/4 69/69 68/68
f 5/5 70/70 69/69
f 6/6 71/71 70/70
f 7/7 72/72 71/71
f 8/8 73/73 72/72
f 9/9 74/74 73/73
f 10/10 75/75 74/74
f 11/11 76/76 75/75
f 12/12 77/77 76/76
f 13/13 78/78 77/77
f 14/14 79/79 78/78
f 15/15 80/80 79/79
f 16/16 81/81 80/80
f 17/17 82/82 81/81
f 18/18 83/83 82/82
f 19/19 84/84 83/83
f 20/20 85/85 84/84
f 21/21 86/86 85/85
f 22/22 87/87 86/86
f 23/23 88/88 87/87
f 24/24 89/89 88/88
f 25/25 90/90 89/89
f 26/26 91/91 90/90
f 27/27 92/92 91/91
f 28/28 93/93 92/92
f 29/29 94/94 93/93
f 30/30 95/95 94/94
f 31/31 96/96 95/95
f 32/32 97/97 96/96
f 33/33 98/98 97/97
f 34/34 99/99 98/98
f 35/35 100/100 99/99
f 36/36 101/101 100/100
f 37/37 102/102 101/101
f 38/38 103/103 102/102
f 39/39 104/104 103/103
f 40/40 105/105 104/104
f 41/41 106/106 105/105
f 42/42 107/107 106/106
f 43/43 108/108 107/107
f 44/44 109/109 108/108
f 45/45 110/110 109/109
f 46/46 111/111 110/110
f 47/47 112/112 111/111
f 48/48 113/113 112/112
f 49/49 114/114 113/113
f 50/50 115/115 114/114
f 51/51 116/116 115/115
f 52/52 117/117 116/116
f 53/53 118/118 117/117
f 54/54 119/119 118/118
f 55/55 120/120 119/119
f 56/56 121/121 120/120
f 57/57 122/122 121/121
f 58/58 123/123 122/122
f 59/59 124/124 123/123
f 60/60 125/125 124/124
f 61/61 126/126 125/125
f 62/62 127/127 126/126
f 63/63 128/128 127/127
f 64/64 129/129 128/128
f 65/65 130/130 129/129
f 66/66 67/67 131/131
f 67/67 132/132 131/131
f 67/67 68/68 132/132
f 68/68 133/133 132/132
f 68/68 69/69 133/133
f 69/69 134/134 133/133
f 69/69 70/70 134/134
f 70/70 135/135 134/134
f 70/70 71/71 135/135
f 71/71 136/136 135/135
f 71/71 72/72 136/136
f 72/72 137/137 136/136
f 72/72 73/73 137/137
f 73/73 138/138 137/137
f 73/73 74/74 138/138
f 74/74 139/139 138/138
f 74/74 75/75 139/139
f 75/75 140/140 139/139
f 75/75 76/76 140/140
f 76/76 141/141 140/140
f 76/76 77/77 141/141
f 77/77 142/142 141/141
f 77/77 78/78 142/142
f 78/78 143/143 142/142
f 78/78 79/79 143/143
f 79/79 144/144 143/143
f 79/79 80/80 144/144
f 80/80 145/145 144/144
f 80/80 81/81 145/145
f 81/81 146/146 145/145
f 81/81 82/82 146/146
f 82/82 147/147 146/146
f 82/82 83/83 147/147
f 83/83 148/148 147/147
f 83/83 84/84 148/148
f 84/84 149/149 148/148
f 84/84 85/85 149/149
f 85/85 150/150 149/149
f 85/85 86/86 150/150
f 86/86 151/151 150/150
f 86/86 87/87 151/151
f 87/87 152/152 151/151
f 87/87 88/88 152/152
f 88/88 153/153 152/152
f 88/88 89/89 153/153
f 89/89 154/154 153/153
f 89/89 90/90 154/154
f 90/90 155/155 154/154
f 90/90 91/91 155/155
f 91/91 156/156 155/155
f 91/91 92/92 156/156
f 92/92 157/157 156/156
f 92/92 93/93 157/157
f 93/93 158/158 157/157
f 93/93 94/94 158/158
f 94/94 159/159 158/158
f 94/94 95/95 159/159
f 95/95 160/160 159/159
f 95/95 96/96 160/160
f 96/96 161/161 160/160
f 96/96 97/97 161/161
f 97/97 162/162 161/161
f 97/97 98/98 162/162
f 98/98 163/163 162/162
f 98/98 99/99 163/163
f 99/99 164/164 163/163
f 99/99 100/100 164/164
f 100/100 165/165 164/164
f 100/100 101/101 165/165
f 101/101 166/166 165/165
f 101/101 102/102 166/166
f 102/102 167/167 166/166
f 102/102 103/103 167/167
f 103/103 168/168 167/167
f 103/103 104/104 168/168
f 104/104 169/169 168/168
f 104/104 105/105 169/169
f 105/105 170/170 169/169
f 105/105 106/106 170/170
f 106/106 171/171 170/170
f 106/106 107/107 171/171
f 107/107 172/172 171/171
f 107/107 108/108 172/172
f 108/108 173/173 172/172
f 108/108 109/109 173/173
f 109/109 174/174 173/173
f 109/109 110/110 174/174
f 110/110 175/175 174/174
f 110/110 111/111 175/175
f 111/111 176/176 175/175
f 111/111 112/112 176/176
f 112/112 177/177 176/176
f 112/112 113/113 177/177
f 113/113 178/178 177/177
f 113/113 114/114 178/178
f 114/114 179/179 178/178
f 114/114 115/115 179/179
f 115/115 180/180 179/179
f 115/115 116/116 180/180
f 116/116 181/181 180/180
f 116/116 117/117 181/181
f 117/117 182/182 181/181
f 117/117 118/118 182/182
f 118/118 183/183 182/182
f 118/118 119/119 183/183
f 119/119 184/184 183/183
f 119/119 120/120 184/184
f 120/120 185/185 184/184
f 120/120 121/121 185/185
f 121/121 186/186 185/185
f 121/121 122/122 186/186
f 122/122 187/187 186/186
f 122/122 123/123 187/187
f 123/123 188/188 187/187
f 123/123 124/124 188/188
f 124/124 189/189 188/188
f 124/124 125/125 189/189
f 125/125 190/190 189/189
f 125/125 126/126 190/190
f 126/126 191/191 190/190
f 126/126 127/127 191/191
f 127/127 192/192 191/191
f 127/127 128/128 192/192
f 128/128 193/193 192/192
f 128/128 129/129 193/193
f 129/129 194/194 193/193
f 129/129 130/130 194/194
f 130/130 195/195 194/194
f 131/131 132/132 196/196
f 132/132 197/197 196/196
f 132/132 133/133 197/197
f 133/133 198/198 197/197
f 133/133 134/134 198/198
f 134/134 199/199 198/198
f 134/134 135/135 199/199
f 135/135 200/200 199/199
f 135/135 136/136 200/200
f 136/136 201/201 200/200
f 136/136 137/137 201/201
f 137/137 202/202 201/201
f 137/137 138/138 202/202
f 138/138 203/203 202/202
f 138/138 139/139 203/203
f 139/139 204/204 203/203
f 139/139 140/140 204/204
f 140/140 205/205 204/204
f 140/140 141/141 205/205
f 141/141 206/206 205/205
f 141/141 142/142 206/206
f 142/142 207/207 206/206
f 142/142 143/143 207/207
f 143/143 208/208 207/207
f 143/143 144/144 208/208
f 144/144 209/209 208/208
f 144/144 145/145 209/209
f 145/145 210/210 209/209
f 145/145 146/146 210/210
f 146/146 211/211 210/210
f 146/146 147/147 211/211
f 147/147 212/212 211/211
f 147/147 148/148 212/212
f 148/148 213/213 212/212
f 148/148 149/149 213/213
f 149/149 214/214 213/213
f 149/149 150/150 214/214
f 150/150 215/215 214/214
f 150/150 151/151 215/215
f 151/151 216/216 215/215
f 151/151 152/152 216/216
f 152/152 217/217 216/216
f 152/152 153/153 217/217
f 153/153 218/218 217/217
f 153/153 154/154 218/218
f 154/154 219/219 218/218
f 154/154 155/155 219/219
f 155/155 220/220 219/219
f 155/155 156/156 220/220
f 156/156 221/221 220/220
f 156/156 157/157 221/221
f 157/157 222/222 221/221
f 157/157 158/158 222/222
f 158/158 223/223 222/222
f 158/158 159/159 223/223
f 159/159 224/224 223/223
f 159/159 160/160 224/224
f 160/160 225/225 224/224
f 160/160 161/161 225/225
f 161/161 226/226 225/225
f 161/161 162/162 226/226
f 162/162 227/227 226/226
f 162/162 163/163 227/227
f 163/163 228/228 227/227
f 163/163 164/164 228/228
f 164/164 229/229 228/228
f 164/164 165/165 229/229
f 165/165 230/230 229/229
f 165/165 166/166 230/230
f 166/166 231/231 230/230
f 166/166 167/167 231/231
f 167/167 232/232 231/231
f 167/167 168/168 232/232
f 168/168 233/233 232/232
f 168/168 169/169 233/233
f 169/169 234/234 233/233
f 169/169 170/170 234/234
f 170/170 235/235 234/234
f 170/170 171/171 235/235
f 171/171 236/236 235/235
f 171/171 172/172 236/236
f 172/172 237/237 236/236
f 172/172 173/173 237/237
f 173/173 238/238 237/237
f 173/173 174/174 238/238
f 174/174 239/239 238/238
f 174/174 175/175 239/239
f 175/175 240/240 239/239
f 175/175 176/176 240/240
f 176/176 241/241 240/240
f 176/176 177/177 241/241
f 177/177 242/242 241/241
f 177/177 178/178 242/242
f 178/178 243/243 242/242
f 178/178 179/179 243/243
f 179/179 244/244 243/243
f 179/179 180/180 244/244
f 180/180 245/245 244/244
f 180/180 181/181 245/245
f 181/181 246/246 245/245
f 181/181 182/182 246/246
f 182/182 247/247 246/246
f 182/182 183/183 247/247
f 183/183 248/248 247/247
f 183/183 184/184 248/248
f 184/184 249/249 248/248
f 184/184 185/185 249/249
f 185/185 250/250 249/249
f 185/185 186/186 250/250
f 186/186 251/251 250/250
f 186/186 187/187 251/251
f 187/187 252/252 251/251
f 187/187 188/188 252/252
f 188/188 253/253 252/252
f 188/188 189/189 253/253
f 189/189 254/254 253/253
f 189/189 190/190 254/254
f 190/190 255/255 254/254
f 190/190 191/191 255/255
f 191/191 256/256 255/255
f 191/191 192/192 256/256
f 192/192 257/257 256/256
f 192/192 193/193 257/257
f 193/193 258/258 257/257
f 193/193 194/194 258/258
f 194/194 259/259 258/258
f 194/194 195/195 259/259
f 195/195 260/260 259/259
f 196/196 197/197 261/261
f 197/197 262/262 261/261
f 197/197 198/198 262/262
f 198/198 263/263 262/262
f 198/198 199/199 263/263
f 199/199 264/264 263/263
f 199/199 200/200 264/264
f 200/200 265/265 264/264
f 200/200 201/201 265/265
f 201/201 266/266 265/265
f 201/201 202/202 266/266
f 202/202 267/267 266/266
f 202/202 203/203 267/267
f 203/203 268/268 267/267
f 203/203 204/204 268/268
f 204/204 269/269 268/268
f 204/204 205/205 269/269
f 205/205 270/270 269/269
f 205/205 206/206 270/270
f 206/206 271/271 270/270
f 206/206 207/207 271/271
f 207/207 272/272 271/271
f 207/207 208/208 272/272
f 208/208 273/273 272/272
f 208/208 209/209 273/273
f 209/209 274/274 273/273
f 209/209 210/210 274/274
f 210/210 275/275 274/274
f 210/210 211/211 275/275
f 211/211 276/276 275/275
f 211/211 212/212 276/276
f 212/212 277/277 276/276
f 212/212 213/213 277/277
f 213/213 278/278 277/277
f 213/213 214/214 278/278
f 214/214 279/279 278/278
f 214/214 215/215 279/279
f 215/215 280/280 279/279
f 215/215 216/216 280/280
f 216/216 281/281 280/280
f 216/216 217/217 281/281
f 217/217 282/282 281/281
f 217/217 218/218 282/282
f 218/218 283/283 282/282
f 218/218 219/219 283/283
f 219/219 284/284 283/283
f 219/219 220/220 284/284
f 220/220 285/285 284/284
f 220/220 221/221 285/285
f 221/221 286/286 285/285
f 221/221 222/222 286/286
f 222/222 287/287 286/286
f 222/222 223/223 287/287
f 223/223 288/288 287/287
f 223/223 224/224 288/288
f 224/224 289/289 288/288
f 224/224 225/225 289/289
f 225/225 290/290 289/289
f 225/225 226/226 290/290
f 226/226 291/291 290/290
f 226/226 227/227 291/291
f 227/227 292/292 291/291
f 227/227 228/228 292/292
f 228/228 293/293 292/292
f 228/228 229/229 293/293
f 229/229 294/294 293/293
f 229/229 230/230 294/294
f 230/230 295/295 294/294
f 230/230 231/231 295/295
f 231/231 296/296 295/295
f 231/231 232/232 296/296
f 232/232 297/297 296/296
f 232/232 233/233 297/297
f 233/233 298/298 297/297
f 233/233 234/234 298/298
f 234/234 299/299 298/298
f 234/234 235/235 299/299
f 235/235 300/300 299/299
f 235/235 236/236 300/300
f 236/236 301/301 300/300
f 236/236 237/237 301/301
f 237/237 302/302 301/301
f 237/237 238/238 302/302
f 238/238 303/303 302/302
f 238/238 239/239 303/303
f 239/239 304/304 303/303
f 239/239 240/240 304/304
f 240/240 305/305 304/304
f 240/240 241/241 305/305
f 241/241 306/306 305/305
f 241/241 242/242 306/306
f 242/242 307/307 306/306
f 242/242 243/243 307/307
f 243/243 308/308 307/307
f 243/243 244/244 308/308
f 244/244 309/309 308/308
f 244/244 245/245 309/309
f 245/245 310/310 309/309
f 245/245 246/246 310/310
f 246/246 311/311 310/310
f 246/246 247/247 311/311
f 247/247 312/312 311/311
f 247/247 248/248 312/312
f 248/248 313/313 312/312
f 248/248 249/249 313/313
f 249/249 314/314 313/313
f 249/249 250/250 314/314
f 250/250 315/315 314/314
f 250/250 251/251 315/315
f 251/251 316/316 315/315
f 251/251 252/252 316/316
f 252/252 317/317 316/316
f 252/252 253/253 317/317
f 253/253 318/318 317/317
f 253/253 254/254 318/318
f 254/254 319/319 318/318
f 254/254 255/255 319/319
f 255/255 320/320 319/319
f 255/255 256/256 320/320
f 256/256 321/321 320/320
f 256/256 257/257 321/321
f 257/257 322/322 321/321
f 257/257 258/258 322/322
f 258/258 323/323 322/322
f 258/258 259/259 323/323
f 259/259 324/324 323/323
f 259/259 260/260 324/324
f 260/260 325/325 324/324
f 261/261 262/262 326/326
f 262/262 327/327 326/326
f 262/262 263/263 327/327
f 263/263 328/328 327/327
f 263/263 264/264 328/328
f 264/264 329/329 328/328
f 264/264 265/265 329/329
f 265/265 330/330 329/329
f 265/265 266/266 330/330
f 266/266 331/331 330/330
f 266/266 267/267 331/331
f 267/267 332/332 331/331
f 267/267 268/268 332/332
f 268/268 333/333 332/332
f 268/268 269/269 333/333
f 269/269 334/334 333/333
f 269/269 270/270 334/334
f 270/270 335/335 334/334
f 270/270 271/271 335/335
f 271/271 336/336 335/335
f 271/271 272/272 336/336
f 272/272 337/337 336/336
f 272/272 273/273 337/337
f 273/273 338/338 337/337
f 273/273 274/274 338/338
f 274/274 339/339 338/338
f 274/274 275/275 339/339
f 275/275 340/340 339/339
f 275/275 276/276 340/340
f 276/276 341/341 340/340
f 276/276 277/277 341/341
f 277/277 342/342 341/341
f 277/277 278/278 342/342
f 278/278 343/343 342/342
f 278/278 279/279 343/343
f 279/279 344/344 343/343
f 279/279 280/280 344/344
f 280/280 345/345 344/344
f 280/280 281/281 345/345
f 281/281 346/346 345/345
f 281/281 282/282 346/346
f 282/282 347/347 346/346
f 282/282 283/283 347/347
f 283/283 348/348 347/347
f 283/283 284/284 348/348
f 284/284 349/349 348/348
f 284/284 285/285 349/349
f 285/285 350/350 349/349
f 285/285 286/286 350/350
f 286/286 351/351 350/350
f 286/286 287/287 351/351
f 287/287 352/352 351/351
f 287/287 288/288 352/352
f 288/288 353/353 352/352
f 288/288 289/289 353/353
f 289/289 354/354 353/353
f 289/289 290/290 354/354
f 290/290 355/355 354/354
f 290/290 291/291 355/355
f 291/291 356/356 355/355
f 291/291 292/292 356/356
f 292/292 357/357 356/356
f 292/292 293/293 357/357
f 293/293 358/358 357/357
f 293/293 294/294 358/358
f 294/294 359/359 358/358
f 294/294 295/295 359/359
f 295/295 360/360 359/359
f 295/295 296/296 360/360
f 296/296 361/361 360/360
f 296/296 297/297 361/361
f 297/297 362/362 361/361
f 297/297 298/298 362/362
f 298/298 363/363 362/362
f 298/298 299/299 363/363
f 299/299 364/364 363/363
f 299/299 300/300 364/364
f 300/300 365/365 364/364
f 300/300 301/301 365/365
f 301/301 366/366 365/365
f 301/301 302/302 366/366
f 302/302 367/367 366/366
f 302/302 303/303 367/367
f 303/303 368/368 367/367
f 303/303 304/304 368/368
f 304/304 369/369 368/368
f 304/304 305/305 369/369
f 305/305 370/370 369/369
f 305/305 306/306 370/370
f 306/306 371/371 370/370
f 306/306 307/307 371/371
f 307/307 372/372 371/371
f 307/307 308/308 372/372
f 308/308 373/373 372/372
f 308/308 309/309 373/373
f 309/309 374/374 373/373
f 309/309 310/310 374/374
f 310/310 375/375 374/374
f 310/310 311/311 375/375
f 311/311 376/376 375/375
f 311/311 312/312 376/376
f 312/312 377/377 376/376
f 312/312 313/313 377/377
f 313/313 378/378 377/377
f 313/313 314/314 378/378
f 314/314 379/379 378/378
f 314/314 315/315 379/379
f 315/315 380/380 379/379
f 315/315 316/316 380/380
f 316/316 381/381 380/380
f 316/316 317/317 381/381
f 317/317 382/382 381/381
f 317/317 318/318 382/382
f 318/318 383/383 382/382
f 318/318 319/319 383/383
f 319/319 384/384 383/383
f 319/319 320/320 384/384
f 320/320 385/385 384/384
f 320/320 321/321 385/385
f 321/321 386/386 385/385
f 321/321 322/322 386/386
f 322/322 387/387 386/386
f 322/322 323/323 387/387
f 323/323 388/388 387/387
f 323/323 324/324 388/388
f 324/324 389/389 388/388
f 324/324 325/325 389/389
f 325/325 390/390 389/389
f 326/326 327/327 391/391
f 327/327 392/392 391/391
f 327/327 328/328 392/392
f 328/328 393/393 392/392
f 328/328 329/329 393/393
f 329/329 394/394 393/393
f 329/329 330/330 394/394
f 330/330 395/395 394/394
f 330/330 331/331 395/395
f 331/331 396/396 395/395
f 331/331 332/332 396/396
f 332/332 397/397 396/396
f 332/332 333/333 397/397
f 333/333 398/398 397/397
f 333/333 334/334 398/398
f 334/334 399/399 398/398
f 334/334 335/335 399/399
f 335/335 400/400 399/399
f 335/335 336/336 400/400
f 336/336 401/401 400/400
f 336/336 337/337 401/401
f 337/337 402/402 401/401
f 337/337 338/338 402/402
f 338/338 403/403 402/402
f 338/338 339/339 403/403
f 339/339 404/404 403/403
f 339/339 340/340 404/404
f 340/340 405/405 404/404
f 340/340 341/341 405/405
f 341/341 406/406 405/405
f 341/341 342/342 406/406
f 342/342 407/407 406/406
f 342/342 343/343 407/407
f 343/343 408/408 407/407
f 343/343 344/344 408/408
f 344/344 409/409 408/408
f 344/344 345/345 409/409
f 345/345 410/410 409/409
f 345/345 346/346 410/410
f 346/346 411/411 410/410
f 346/346 347/347 411/411
f 347/347 412/412 411/411
f 347/347 348/348 412/412
f 348/348 413/413 412/412
f 348/348 349/349 413/413
f 349/349 414/414 413/413
f 349/349 350/350 414/414
f 350/350 415/415 414/414
f 350/350 351/351 415/415
f 351/351 416/416 415/415
f 351/351 352/352 416/416
f 352/352 417/417 416/416
f 352/352 353/353 417/417
f 353/353 418/418 417/417
f 353/353 354/354 418/418
f 354/354 419/419 418/418
f 354/354 355/355 419/419
f 355/355 420/420 419/419
f 355/355 356/356 420/420
f 356/356 421/421 420/420
f 356/356 357/357 421/421
f 357/357 422/422 421/421
f 357/357 358/358 422/422
f 358/358 423/423 422/422
f 358/358 359/359 423/423
f 359/359 424/424 423/423
f 359/359 360/360 424/424
f 360/360 425/425 424/424
f 360/360 361/361 425/425
f 361/361 426/426 425/425
f 361/361 362/362 426/426
f 362/362 427/427 426/426
f 362/362 363/363 427/427
f 363/363 428/428 427/427
f 363/363 364/364 428/428
f 364/364 429/429 428/428
f 364/364 365/365 429/429
f 365/365 430/430 429/429
f 365/365 366/366 430/430
f 366/366 431/431 430/430
f 366/366 367/367 431/431
f 367/367 432/432 431/431
f 367/367 368/368 432/432
f 368/368 433/433 432/432
f 368/368 369/369 433/433
f 369/369 434/434 433/433
f 369/369 370/370 434/434
f 370/370 435/435 434/434
f 370/370 371/371 435/435
f 371/371 436/436 435/435
f 371/371 372/372 436/436
f 372/372 437/437 436/436
f 372/372 373/373 437/437
f 373/373 438/438 437/437
f 373/373 374/374 438/438
f 374/374 439/439 438/438
f 374/374 375/375 439/439
f 375/375 440/440 439/439
f 375/375 376/376 440/440
f 376/376 441/441 440/440
f 376/376 377/377 441/441
f 377/377 442/442 441/441
f 377/377 378/378 442/442
f 378/378 443/443 442/442
f 378/378 379/379 443/443
f 379/379 444/444 443/443
f 379/379 380/380 444/444
f 380/380 445/445 444/444
f 380/380 381/381 445/445
f 381/381 446/446 445/445
f 381/381 382/382 446/446
f 382/382 447/447 446/446
f 382/382 383/383 447/447
f 383/383 448/448 447/447
f 383/383 384/384 448/448
f 384/384 449/449 448/448
f 384/384 385/385 449/449
f 385/385 450/450 449/449
f 385/385 386/386 450/450
f 386/386 451/451 450/450
f 386/386 387/387 451/451
f 387/387 452/452 451/451
f 387/387 388/388 452/452
f 388/388 453/453 452/452
f 388/388 389/389 453/453
f 389/389 454/454 453/453
f 389/389 390/390 454/454
f 390/390 455/455 454/454
f 391/391 392/392 456/456
f 392/392 457/457 456/456
f 392/392 393/393 457/457
f 393/393 458/458 457/457
f 393/393 394/394 458/458
f 394/394 459/459 458/458
f 394/394 395/395 459/459
f 395/395 460/460 459/459
f 395/395 396/396 460/460
f 396/396 461/461 460/460
f 396/396 397/397 461/461
f 397/397 462/462 461/461
f 397/397 398/398 462/462
f 398/398 463/463 462/462
f 398/398 399/399 463/463
f 399/399 464/464 463/463
f 399/399 400/400 464/464
f 400/400 465/465 464/464
f 400/400 401/401 465/465
f 401/401 466/466 465/465
f 401/401 402/402 466/466
f 402/402 467/467 466/466
f 402/402 403/403 467/467
f 403/403 468/468 467/467
f 403/403 404/404 468/468
f 404/404 469/469 468/468
f 404/404 405/405 469/469
f 405/405 470/470 469/469
f 405/405 406/406 470/470
f 406/406 471/471 470/470
f 406/406 407/407 471/471
f 407/407 472/472 471/471
f 407/407 408/408 472/472
f 408/408 473/473 472/472
f 408/408 409/409 473/473
f 409/409 474/474 473/473
f 409/409 410/410 474/474
f 410/410 475/475 474/474
f 410/410 411/411 475/475
f 411/411 476/476 475/475
f 411/411 412/412 476/476
f 412/412 477/477 476/476
f 412/412 413/413 477/477
f 413/413 478/478 477/477
f 413/413 414/414 478/478
f 414/414 479/479 478/478
f 414/414 415/415 479/479
f 415/415 480/480 479/479
f 415/415 416/416 480/480
f 416/416 481/481 480/480
f 416/416 417/417 481/481
f 417/417 482/482 481/481
f 417/417 418/418 482/482
f 418/418 483/483 482/482
f 418/418 419/419 483/483
f 419/419 484/484 483/483
f 419/419 420/420 484/484
f 420/420 485/485 484/484
f 420/420 421/421 485/485
f 421/421 486/486 485/485
f 421/421 422/422 486/486
f 422/422 487/487 486/486
f 422/422 423/423 487/487
f 423/423 488/488 487/487
f 423/423 424/424 488/488
f 424/424 489/489 488/488
f 424/424 425/425 489/489
f 425/425 490/490 489/489
f 425/425 426/426 490/490
f 426/426 491/491 490/490
f 426/426 427/427 491/491
f 427/427 492/492 491/491
f 427/427 428/428 492/492
f 428/428 493/493 492/492
f 428/428 429/429 493/493
f 429/429 494/494 493/493
f 429/429 430/430 494/494
f 430/430 495/495 494/494
f 430/430 431/431 495/495
f 431/431 496/496 495/495
f 431/431 432/432 496/496
f 432/432 497/497 496/496
f 432/432 433/433 497/497
f 433/433 498/498 497/497
f 433/433 434/434 498/498
f 434/434 499/499 498/498
f 434/434 435/435 499/499
f 435/435 500/500 499/499
f 435/435 436/436 500/500
f 436/436 501/501 500/500
f 436/436 437/437 501/501
f 437/437 502/502 501/501
f 437/437 438/438 502/502
f 438/438 503/503 502/502
f 438/438 439/439 503/503
f 439/439 504/504 503/503
f 439/439 440/440 504/504
f 440/440 505/505 504/504
f 440/440 441/441 505/505
f 441/441 506/506 505/505
f 441/441 442/442 506/506
f 442/442 507/507 506/506
f 442/442 443/443 507/507
f 443/443 508/508 507/507
f 443/443 444/444 508/508
f 444/444 509/509 508/508
f 444/444 445/445 509/509
f 445/445 510/510 509/509
f 445/445 446/446 510/510
f 446/446 511/511 510/510
f 446/446 447/447 511/511
f 447/447 512/512 511/511
f 447/447 448/448 512/512
f 448/448 513/513 512/512
f 448/448 449/449 513/513
f 449/449 514/514 513/513
f 449/449 450/450 514/514
f 450/450 515/515 514/514
f 450/450 451/451 515/515
f 451/451 516/516 515/515
f 451/451 452/452 516/516
f 452/452 517/517 516/516
f 452/452 453/453 517/517
f 453/453 518/518 517/517
f 453/453 454/454 518/518
f 454/454 519/519 518/518
f 454/454 455/455 519/519
f 455/455 520/520 519/519
f 456/456 457/457 521/521
f 457/457 522/522 521/521
f 457/457 458/458 522/522
f 458/458 523/523 522/522
f 458/458 459/459 523/523
f 459/459 524/524 523/523
f 459/459 460/460 524/524
f 460/460 525/525 524/524
f 460/460 461/461 525/525
f 461/461 526/526 525/525
f 461/461 462/462 526/526
f 462/462 527/527 526/526
f 462/462 463/463 527/527
f 463/463 528/528 527/527
f 463/463 464/464 528/528
f 464/464 529/529 528/528
f 464/464 465/465 529/529
f 465/465 530/530 529/529
f 465/465 466/466 530/530
f 466/466 531/531 530/530
f 466/466 467/467 531/531
f 467/467 532/532 531/531
f 467/467 468/468 532/532
f 468/468 533/533 532/532
f 468/468 469/469 533/533
f 469/469 534/534 533/533
f 469/469 470/470 534/534
f 470/470 535/535 534/534
f 470/470 471/471 535/535
f 471/471 536/536 535/535
f 471/471 472/472 536/536
f 472/472 537/537 536/536
f 472/472 473/473 537/537
f 473/473 538/538 537/537
f 473/473 474/474 538/538
f 474/474 539/539 538/538
f 474/474 475/475 539/539
f 475/475 540/540 539/539
f 475/475 476/476 540/540
f 476/476 541/541 540/540
f 476/476 477/477 541/541
f 477/477 542/542 541/541
f 477/477 478/478 542/542
f 478/478 543/543 542/542
f 478/478 479/479 543/543
f 479/479 544/544 543/543
f 479/479 480/480 544/544
f 480/480 545/545 544/544
f 480/480 481/481 545/545
f 481/481 546/546 545/545
f 481/481 482/482 546/546
f 482/482 547/547 546/546
f 482/482 483/483 547/547
f 483/483 548/548 547/547
f 483/483 484/484 548/548
f 484/484 549/549 548/548
f 484/484 485/485 549/549
f 485/485 550/550 549/549
f 485/485 486/486 550/550
f 486/486 551/551 550/550
f 486/486 487/487 551/551
f 487/487 552/552 551/551
f 487/487 488/488 552/552
f 488/488 553/553 552/552
f 488/488 489/489 553/553
f 489/489 554/554 553/553
f 489/489 490/490 554/554
f 490/490 555/555 554/554
f 490/490 491/491 555/555
f 491/491 556/556 555/555
f 491/491 492/492 556/556
f 492/492 557/557 556/556
f 492/492 493/493 557/557
f 493/493 558/558 557/557
f 493/493 494/494 558/558
f 494/494 559/559 558/558
f 494/494 495/495 559/559
f 495/495 560/560 559/559
f 495/495 496/496 560/560
f 496/496 561/561 560/560
f 496/496 497/497 561/561
f 497/497 562/562 561/561
f 497/497 498/498 562/562
f 498/498 563/563 562/562
f 498/498 499/499 563/563
f 499/499 564/564 563/563
f 499/499 500/500 564/564
f 500/500 565/565 564/564
f 500/500 501/501 565/565
f 501/501 566/566 565/565
f 501/501 502/502 566/566
f 502/502 567/567 566/566
f 502/502 503/503 567/567
f 503/503 568/568 567/567
f 503/503 504/504 568/568
f 504/504 569/569 568/568
f 504/504 505/505 569/569
f 505/505 570/570 569/569
f 505/505 506/506 570/570
f 506/506 571/571 570/570
f 506/506 507/507 571/571
f 507/507 572/572 571/571
f 507/507 508/508 572/572
f 508/508 573/573 572/572
f 508/508 509/509 573/573
f 509/509 574/574 573/573
f 509/509 510/510 574/574
f 510/510 575/575 574/574
f 510/510 511/511 575/575
f 511/511 576/576 575/575
f 511/511 512/512 576/576
f 512/512 577/577 576/576
f 512/512 513/513 577/577
f 513/513 578/578 577/577
f 513/513 514/514 578/578
f 514/514 579/579 578/578
f 514/514 515/515 579/579
f 515/515 580/580 579/579
f 515/515 516/516 580/580
f 516/516 581/581 580/580
f 516/516 517/517 581/581
f 517/517 582/582 581/581
f 517/517 518/518 582/582
f 518/518 583/583 582/582
f 518/518 519/519 583/583
f 519/519 584/584 583/583
f 519/519 520/520 584/584
f 520/520 585/585 584/584
f 521/521 522/522 586/586
f 522/522 587/587 586/586
f 522/522 523/523 587/587
f 523/523 588/588 587/587
f 523/523 524/524 588/588
f 524/524 589/589 588/588
f 524/524 525/525 589/589
f 525/525 590/590 589/589
f 525/525 526/526 590/590
f 526/526 591/591 590/590
f 526/526 527/527 591/591
f 527/527 592/592 591/591
f 527/527 528/528 592/592
f 528/528 593/593 592/592
f 528/528 529/529 593/593
f 529/529 594/594 593/593
f 529/529 530/530 594/594
f 530/530 595/595 594/594
f 530/530 531/531 595/595
f 531/531 596/596 595/595
f 531/531 532/532 596/596
f 532/532 597/597 596/596
f 532/532 533/533 597/597
f 533/533 598/598 597/597
f 533/533 534/534 598/598
f 534/534 599/599 598/598
f 534/534 535/535 599/599
f 535/535 600/600 599/599
f 535/535 536/536 600/600
f 536/536 601/601 600/600
f 536/536 537/537 601/601
f 537/537 602/602 601/601
f 537/537 538/538 602/602
f 538/538 603/603 602/602
f 538/538 539/539 603/603
f 539/539 604/604 603/603
f 539/539 540/540 604/604
f 540/540 605/605 604/604
f 540/540 541/541 605/605
f 541/541 606/606 605/605
f 541/541 542/542 606/606
f 542/542 607/607 606/606
f 542/542 543/543 607/607
f 543/543 608/608 607/607
f 543/543 544/544 608/608
f 544/544 609/609 608/608
f 544/544 545/545 609/609
f 545/545 610/610 609/609
f 545/545 546/546 610/610
f 546/546 611/611 610/610
f 546/546 547/547 611/611
f 547/547 612/612 611/611
f 547/547 548/548 612/612
f 548/548 613/613 612/612
f 548/548 549/549 613/613
f 549/549 614/614 613/613
f 549/549 550/550 614/614
f 550/550 615/615 614/614
f 550/550 551/551 615/615
f 551/551 616/616 615/615
f 551/551 552/552 616/616
f 552/552 617/617 616/616
f 552/552 553/553 617/617
f 553/553 618/618 617/617
f 553/553 554/554 618/618
f 554/554 619/619 618/618
f 554/554 555/555 619/619
f 555/555 620/620 619/619
f 555/555 556/556 620/620
f 556/556 621/621 620/620
f 556/556 557/557 621/621
f 557/557 622/622 621/621
f 557/557 558/558 622/622
f 558/558 623/623 622/622
f 558/558 559/559 623/623
f 559/559 624/624 623/623
f 559/559 560/560 624/624
f 560/560 625/625 624/624
f 560/560 561/561 625/625
f 561/561 626/626 625/625
f 561/561 562/562 626/626
f 562/562 627/627 626/626
f 562/562 563/563 627/627
f 563/563 628/628 627/627
f 563/563 564/564 628/628
f 564/564 629/629 628/628
f 564/564 565/565 629/629
f 565/565 630/630 629/629
f 565/565 566/566 630/630
f 566/566 631/631 630/630
f 566/566 567/567 631/631
f 567/567 632/632 631/631
f 567/567 568/568 632/632
f 568/568 633/633 632/632
f 568/568 569/569 633/633
f 569/569 634/634 633/633
f 569/569 570/570 634/634
f 570/570 635/635 634/634
f 570/570 571/571 635/635
f 571/571 636/636 635/635
f 571/571 572/572 636/636
f 572/572 637/637 636/636
f 572/572 573/573 637/637
f 573/573 638/638 637/637
f 573/573 574/574 638/638
f 574/574 639/639 638/638
f 574/574 575/575 639/639
f 575/575 640/640 639/639
f 575/575 576/576 640/640
f 576/576 641/641 640/640
f 576/576 577/577 641/641
f 577/577 642/642 641/641
f 577/577 578/578 642/642
f 578/578 643/643 642/642
f 578/578 579/579 643/643
f 579/579 644/644 643/643
f 579/579 580/580 644/644
f 580/580 645/645 644/644
f 580/580 581/581 645/645
f 581/581 646/646 645/645
f 581/581 582/582 646/646
f 582/582 647/647 646/646
f 582/582 583/583 647/647
f 583/583 648/648 647/647
f 583/583 584/584 648/648
f 584/584 649/649 648/648
f 584/584 585/585 649/649
f 585/585 650/650 649/649
f 586/586 587/587 651/651
f 587/587 652/652 651/651
f 587/587 588/588 652/652
f 588/588 653/653 652/652
f 588/588 589/589 653/653
f 589/589 654/654 653/653
f 589/589 590/590 654/654
f 590/590 655/655 654/654
f 590/590 591/591 655/655
f 591/591 656/656 655/655
f 591/591 592/592 656/656
f 592/592 657/657 656/656
f 592/592 593/593 657/657
f 593/593 658/658 657/657
f 593/593 594/594 658/658
f 594/594 659/659 658/658
f 594/594 595/595 659/659
f 595/595 660/660 659/659
f 595/595 596/596 660/660
f 596/596 661/661 660/660
f 596/596 597/597 661/661
f 597/597 662/662 661/661
f 597/597 598/598 662/662
f 598/598 663/663 662/662
f 598/598 599/599 663/663
f 599/599 664/664 663/663
f 599/599 600/600 664/664
f 600/600 665/665 664/664
f 600/600 601/601 665/665
f 601/601 666/666 665/665
f 601/601 602/602 666/666
f 602/602 667/667 666/666
f 602/602 603/603 667/667
f 603/603 668/668 667/667
f 603/603 604/604 668/668
f 604/604 669/669 668/668
f 604/604 605/605 669/669
f 605/605 670/670 669/669
f 605/605 606/606 670/670
f 606/606 671/671 670/670
f 606/606 607/607 671/671
f 607/607 672/672 671/671
f 607/607 608/608 672/672
f 608/608 673/673 672/672
f 608/608 609/609 673/673
f 609/609 674/674 673/673
f 609/609 610/610 674/674
f 610/610 675/675 674/674
f 610/610 611/611 675/675
f 611/611 676/676 675/675
f 611/611 612/612 676/676
f 612/612 677/677 676/676
f 612/612 613/613 677/677
f 613/613 678/678 677/677
f 613/613 614/614 678/678
f 614/614 679/679 678/678
f 614/614 615/615 679/679
f 615/615 680/680 679/679
f 615/615 616/616 680/680
f 616/616 681/681 680/680
f 616/616 617/617 681/681
f 617/617 682/682 681/681
f 617/617 618/618 682/682
f 618/618 683/683 682/682
f 618/618 619/619 683/683
f 619/619 684/684 683/683
f 619/619 620/620 684/684
f 620/620 685/685 684/684
f 620/620 621/621 685/685
f 621/621 686/686 685/685
f 621/621 622/622 686/686
f 622/622 687/687 686/686
f 622/622 623/623 687/687
f 623/623 688/688 687/687
f 623/623 624/624 688/688
f 624/624 689/689 688/688
f 624/624 625/625 689/689
f 625/625 690/690 689/689
f 625/625 626/626 690/690
f 626/626 691/691 690/690
f 626/626 627/627 691/691
f 627/627 692/692 691/691
f 627/627 628/628 692/692
f 628/628 693/693 692/692
f 628/628 629/629 693/693
f 629/629 694/694 693/693
f 629/629 630/630 694/694
f 630/630 695/695 694/694
f 630/630 631/631 695/695
f 631/631 696/696 695/695
f 631/631 632/632 696/696
f 632/632 697/697 696/696
f 632/632 633/633 697/697
f 633/633 698/698 697/697
f 633/633 634/634 698/698
f 634/634 699/699 698/698
f 634/634 635/635 699/699
f 635/635 700/700 699/699
f 635/635 636/636 700/700
f 636/636 701/701 700/700
f 636/636 637/637 701/701
f 637/637 702/702 701/701
f 637/637 638/638 702/702
f 638/638 703/703 702/702
f 638/638 639/639 703/703
f 639/639 704/704 703/703
f 639/639 640/640 704/704
f 640/640 705/705 704/704
f 640/640 641/641 705/705
f 641/641 706/706 705/705
f 641/641 642/642 706/706
f 642/642 707/707 706/706
f 642/642 643/643 707/707
f 643/643 708/708 707/707
f 643/643 644/644 708/708
f 644/644 709/709 708/708
f 644/644 645/645 709/709
f 645/645 710/710 709/709
f 645/645 646/646 710/710
f 646/646 711/711 710/710
f 646/646 647/647 711/711
f 647/647 712/712 711/711
f 647/647 648/648 712/712
f 648/648 713/713 712/712
f 648/648 649/649 713/713
f 649/649 714/714 713/713
f 649/649 650/650 714/714
f 650/650 715/715 714/714
f 651/651 652/652 716/716
f 652/652 717/717 716/716
f 652/652 653/653 717/717
f 653/653 718/718 717/717
f 653/653 654/654 718/718
f 654/654 719/719 718/718
f 654/654 655/655 719/719
f 655/655 720/720 719/719
f 655/655 656/656 720/720
f 656/656 721/721 720/720
f 656/656 657/657 721/721
f 657/657 722/722 721/721
f 657/657 658/658 722/722
f 658/658 723/723 722/722
f 658/658 659/659 723/723
f 659/659 724/724 723/723
f 659/659 660/660 724/724
f 660/660 725/725 724/724
f 660/660 661/661 725/725
f 661/661 726/726 725/725
f 661/661 662/662 726/726
f 662/662 727/727 726/726
f 662/662 663/663 727/727
f 663/663 728/728 727/727
f 663/663 664/664 728/728
f 664/664 729/729 728/728
f 664/664 665/665 729/729
f 665/665 730/730 729/729
f 665/665 666/666 730/730
f 666/666 731/731 730/730
f 666/666 667/667 731/731
f 667/667 732/732 731/731
f 667/667 668/668 732/732
f 668/668 733/733 732/732
f 668/668 669/669 733/733
f 669/669 734/734 733/733
f 669/669 670/670 734/734
f 670/670 735/735 734/734
f 670/670 671/671 735/735
f 671/671 736/736 735/735
f 671/671 672/672 736/736
f 672/672 737/737 736/736
f 672/672 673/673 737/737
f 673/673 738/738 737/737
f 673/673 674/674 738/738
f 674/674 739/739 738/738
f 674/674 675/675 739/739
f 675/675 740/740 739/739
f 675/675 676/676 740/740
f 676/676 741/741 740/740
f 676/676 677/677 741/741
f 677/677 742/742 741/741
f 677/677 678/678 742/742
f 678/678 743/743 742/742
f 678/678 679/679 743/743
f 679/679 744/744 743/743
f 679/679 680/680 744/744
f 680/680 745/745 744/744
f 680/680 681/681 745/745
f 681/681 746/746 745/745
f 681/681 682/682 746/746
f 682/682 747/747 746/746
f 682/682 683/683 747/747
f 683/683 748/748 747/747
f 683/683 684/684 748/748
f 684/684 749/749 748/748
f 684/684 685/685 749/749
f 685/685 750/750 749/749
f 685/685 686/686 750/750
f 686/686 751/751 750/750
f 686/686 687/687 751/751
f 687/687 752/752 751/751
f 687/687 688/688 752/752
f 688/688 753/753 752/752
f 688/688 689/689 753/753
f 689/689 754/754 753/753
f 689/689 690/690 754/754
f 690/690 755/755 754/754
f 690/690 691/691 755/755
f 691/691 756/756 755/755
f 691/691 692/692 756/756
f 692/692 757/757 756/756
f 692/692 693/693 757/757
f 693/693 758/758 757/757
f 693/693 694/694 758/758
f 694/694 759/759 758/758
f 694/694 695/695 759/759
f 695/695 760/760 759/759
f 695/695 696/696 760/760
f 696/696 761/761 760/760
f 696/696 697/697 761/761
f 697/697 762/762 761/761
f 697/697 698/698 762/762
f 698/698 763/763 762/762
f 698/698 699/699 763/763
f 699/699 764/764 763/763
f 699/699 700/700 764/764
f 700/700 765/765 764/764
f 700/700 701/701 765/765
f 701/701 766/766 765/765
f 701/701 702/702 766/766
f 702/702 767/767 766/766
f 702/702 703/703 767/767
f 703/703 768/768 767/767
f 703/703 704/704 768/768
f 704/704 769/769 768/768
f 704/704 705/705 769/769
f 705/705 770/770 769/769
f 705/705 706/706 770/770
f 706/706 771/771 770/770
f 706/706 707/707 771/771
f 707/707 772/772 771/771
f 707/707 708/708 772/772
f 708/708 773/773 772/772
f 708/708 709/709 773/773
f 709/709 774/774 773/773
f 709/709 710/710 774/774
f 710/710 775/775 774/774
f 710/710 711/711 775/775
f 711/711 776/776 775/775
f 711/711 712/712 776/776
f 712/712 777/777 776/776
f 712/712 713/713 777/777
f 713/713 778/778 777/777
f 713/713 714/714 778/778
f 714/714 779/779 778/778
f 714/714 715/715 779/779
f 715/715 780/780 779/779
f 716/716 717/717 781/781
f 717/717 782/782 781/781
f 717/717 718/718 782/782
f 718/718 783/783 782/782
f 718/718 719/719 783/783
f 719/719 784/784 783/783
f 719/719 720/720 784/784
f 720/720 785/785 784/784
f 720/720 721/721 785/785
f 721/721 786/786 785/785
f 721/721 722/722 786/786
f 722/722 787/787 786/786
f 722/722 723/723 787/787
f 723/723 788/788 787/787
f 723/723 724/724 788/788
f 724/724 789/789 788/788
f 724/724 725/725 789/789
f 725/725 790/790 789/789
f 725/725 726/726 790/790
f 726/726 791/791 790/790
f 726/726 727/727 791/791
f 727/727 792/792 791/791
f 727/727 728/728 792/792
f 728/728 793/793 792/792
f 728/728 729/729 793/793
f 729/729 794/794 793/793
f 729/729 730/730 794/794
f 730/730 795/795 794/794
f 730/730 731/731 795/795
f 731/731 796/796 795/795
f 731/731 732/732 796/796
f 732/732 797/797 796/796
f 732/732 733/733 797/797
f 733/733 798/798 797/797
f 733/733 734/734 798/798
f 734/734 799/799 798/798
f 734/734 735/735 799/799
f 735/735 800/800 799/799
f 735/735 736/736 800/800
f 736/736 801/801 800/800
f 736/736 737/737 801/801
f 737/737 802/802 801/801
f 737/737 738/738 802/802
f 738/738 803/803 802/802
f 738/738 739/739 803/803
f 739/739 804/804 803/803
f 739/739 740/740 804/804
f 740/740 805/805 804/804
f 740/740 741/741 805/805
f 741/741 806/806 805/805
f 741/741 742/742 806/806
f 742/742 807/807 806/806
f 742/742 743/743 807/807
f 743/743 808/808 807/807
f 743/743 744/744 808/808
f 744/744 809/809 808/808
f 744/744 745/745 809/809
f 745/745 810/810 809/809
f 745/745 746/746 810/810
f 746/746 811/811 810/810
f 746/746 747/747 811/811
f 747/747 812/812 811/811
f 747/747 748/748 812/812
f 748/748 813/813 812/812
f 748/748 749/749 813/813
f 749/749 814/814 813/813
f 749/749 750/750 814/814
f 750/750 815/815 814/814
f 750/750 751/751 815/815
f 751/751 816/816 815/815
f 751/751 752/752 816/816
f 752/752 817/817 816/816
f 752/752 753/753 817/817
f 753/753 818/818 817/817
f 753/753 754/754 818/818
f 754/754 819/819 818/818
f 754/754 755/755 819/819
f 755/755 820/820 819/819
f 755/755 756/756 820/820
f 756/756 821/821 820/820
f 756/756 757/757 821/821
f 757/757 822/822 821/821
f 757/757 758/758 822/822
f 758/758 823/823 822/822
f 758/758 759/759 823/823
f 759/759 824/824 823/823
f 759/759 760/760 824/824
f 760/760 825/825 824/824
f 760/760 761/761 825/825
f 761/761 826/826 825/825
f 761/761 762/762 826/826
f 762/762 827/827 826/826
f 762/762 763/763 827/827
f 763/763 828/828 827/827
f 763/763 764/764 828/828
f 764/764 829/829 828/828
f 764/764 765/765 829/829
f 765/765 830/830 829/829
f 765/765 766/766 830/830
f 766/766 831/831 830/830
f 766/766 767/767 831/831
f 767/767 832/832 831/831
f 767/767 768/768 832/832
f 768/768 833/833 832/832
f 768/768 769/769 833/833
f 769/769 834/834 833/833
f 769/769 770/770 834/834
f 770/770 835/835 834/834
f 770/770 771/771 835/835
f 771/771 836/836 835/835
f 771/771 772/772 836/836
f 772/772 837/837 836/836
f 772/772 773/773 837/837
f 773/773 838/838 837/837
f 773/773 774/774 838/838
f 774/774 839/839 838/838
f 774/774 775/775 839/839
f 775/775 840/840 839/839
f 775/775 776/776 840/840
f 776/776 841/841 840/840
f 776/776 777/777 841/841
f 777/777 842/842 841/841
f 777/777 778/778 842/842
f 778/778 843/843 842/842
f 778/778 779/779 843/843
f 779/779 844/844 843/843
f 779/779 780/780 844/844
f 780/780 845/845 844/844
f 781/781 782/782 846/846
f 782/782 847/847 846/846
f 782/782 783/783 847/847
f 783/783 848/848 847/847
f 783/783 784/784 848/848
f 784/784 849/849 848/848
f 784/784 785/785 849/849
f 785/785 850/850 849/849
f 785/785 786/786 850/850
f 786/786 851/851 850/850
f 786/786 787/787 851/851
f 787/787 852/852 851/851
f 787/787 788/788 852/852
f 788/788 853/853 852/852
f 788/788 789/789 853/853
f 789/789 854/854 853/853
f 789/789 790/790 854/854
f 790/790 855/855 854/854
f 790/790 791/791 855/855
f 791/791 856/856 855/855
f 791/791 792/792 856/856
f 792/792 857/857 856/856
f 792/792 793/793 857/857
f 793/793 858/858 857/857
f 793/793 794/794 858/858
f 794/794 859/859 858/858
f 794/794 795/795 859/859
f 795/795 860/860 859/859
f 795/795 796/796 860/860
f 796/796 861/861 860/860
f 796/796 797/797 861/861
f 797/797 862/862 861/861
f 797/797 798/798 862/862
f 798/798 863/863 862/862
f 798/798 799/799 863/863
f 799/799 864/864 863/863
f 799/799 800/800 864/864
f 800/800 865/865 864/864
f 800/800 801/801 865/865
f 801/801 866/866 865/865
f 801/801 802/802 866/866
f 802/802 867/867 866/866
f 802/802 803/803 867/867
f 803/803 868/868 867/867
f 803/803 804/804 868/868
f 804/804 869/869 868/868
f 804/804 805/805 869/869
f 805/805 870/870 869/869
f 805/805 806/806 870/870
f 806/806 871/871 870/870
f 806/806 807/807 871/871
f 807/807 872/872 871/871
f 807/807 808/808 872/872
f 808/808 873/873 872/872
f 808/808 809/809 873/873
f 809/809 874/874 873/873
f 809/809 810/810 874/874
f 810/810 875/875 874/874
f 810/810 811/811 875/875
f 811/811 876/876 875/875
f 811/811 812/812 876/876
f 812/812 877/877 876/876
f 812/812 813/813 877/877
f 813/813 878/878 877/877
f 813/813 814/814 878/878
f 814/814 879/879 878/878
f 814/814 815/815 879/879
f 815/815 880/880 879/879
f 815/815 816/816 880/880
f 816/816 881/881 880/880
f 816/816 817/817 881/881
f 817/817 882/882 881/881
f 817/817 818/818 882/882
f 818/818 883/883 882/882
f 818/818 819/819 883/883
f 819/819 884/884 883/883
f 819/819 820/820 884/884
f 820/820 885/885 884/884
f 820/820 821/821 885/885
f 821/821 886/886 885/885
f 821/821 822/822 886/886
f 822/822 887/887 886/886
f 822/822 823/823 887/887
f 823/823 888/888 887/887
f 823/823 824/824 888/888
f 824/824 889/889 888/888
f 824/824 825/825 889/889
f 825/825 890/890 889/889
f 825/825 826/826 890/890
f 826/826 891/891 890/890
f 826/826 827/827 891/891
f 827/827 892/892 891/891
f 827/827 828/828 892/892
f 828/828 893/893 892/892
f 828/828 829/829 893/893
f 829/829 894/894 893/893
f 829/829 830/830 894/894
f 830/830 895/895 894/894
f 830/830 831/831 895/895
f 831/831 896/896 895/895
f 831/831 832/832 896/896
f 832/832 897/897 896/896
f 832/832 833/833 897/897
f 833/833 898/898 897/897
f 833/833 834/834 898/898
f 834/834 899/899 898/898
f 834/834 835/835 899/899
f 835/835 900/900 899/899
f 835/835 836/836 900/900
f 836/836 901/901 900/900
f 836/836 837/837 901/901
f 837/837 902/902 901/901
f 837/837 838/838 902/902
f 838/838 903/903 902/902
f 838/838 839/839 903/903
f 839/839 904/904 903/903
f 839/839 840/840 904/904
f 840/840 905/905 904/904
f 840/840 841/841 905/905
f 841/841 906/906 905/905
f 841/841 842/842 906/906
f 842/842 907/907 906/906
f 842/842 843/843 907/907
f 843/843 908/908 907/907
f 843/843 844/844 908/908
f 844/844 909/909 908/908
f 844/844 845/845 909/909
f 845/845 910/910 909/909
f 846/846 847/847 911/911
f 847/847 912/912 911/911
f 847/847 848/848 912/912
f 848/848 913/913 912/912
f 848/848 849/849 913/913
f 849/849 914/914 913/913
f 849/849 850/850 914/914
f 850/850 915/915 914/914
f 850/850 851/851 915/915
f 851/851 916/916 915/915
f 851/851 852/852 916/916
f 852/852 917/917 916/916
f 852/852 853/853 917/917
f 853/853 918/918 917/917
f 853/853 854/854 918/918
f 854/854 919/919 918/918
f 854/854 855/855 919/919
f 855/855 920/920 919/919
f 855/855 856/856 920/920
f 856/856 921/921 920/920
f 856/856 857/857 921/921
f 857/857 922/922 921/921
f 857/857 858/858 922/922
f 858/858 923/923 922/922
f 858/858 859/859 923/923
f 859/859 924/924 923/923
f 859/859 860/860 924/924
f 860/860 925/925 924/924
f 860/860 861/861 925/925
f 861/861 926/926 925/925
f 861/861 862/862 926/926
f 862/862 927/927 926/926
f 862/862 863/863 927/927
f 863/863 928/928 927/927
f 863/863 864/864 928/928
f 864/864 929/929 928/928
f 864/864 865/865 929/929
f 865/865 930/930 929/929
f 865/865 866/866 930/930
f 866/866 931/931 930/930
f 866/866 867/867 931/931
f 867/867 932/932 931/931
f 867/867 868/868 932/932
f 868/868 933/933 932/932
f 868/868 869/869 933/933
f 869/869 934/934 933/933
f 869/869 870/870 934/934
f 870/870 935/935 934/934
f 870/870 871/871 935/935
f 871/871 936/936 935/935
f 871/871 872/872 936/936
f 872/872 937/937 936/936
f 872/872 873/873 937/937
f 873/873 938/938 937/937
f 873/873 874/874 938/938
f 874/874 939/939 938/938
f 874/874 875/875 939/939
f 875/875 940/940 939/939
f 875/875 876/876 940/940
f 876/876 941/941 940/940
f 876/876 877/877 941/941
f 877/877 942/942 941/941
f 877/877 878/878 942/942
f 878/878 943/943 942/942
f 878/878 879/879 943/943
f 879/879 944/944 943/943
f 879/879 880/880 944/944
f 880/880 945/945 944/944
f 880/880 881/881 945/945
f 881/881 946/946 945/945
f 881/881 882/882 946/946
f 882/882 947/947 946/946
f 882/882 883/883 947/947
f 883/883 948/948 947/947
f 883/883 884/884 948/948
f 884/884 949/949 948/948
f 884/884 885/885 949/949
f 885/885 950/950 949/949
f 885/885 886/886 950/950
f 886/886 951/951 950/950
f 886/886 887/887 951/951
f 887/887 952/952 951/951
f 887/887 888/888 952/952
f 888/888 953/953 952/952
f 888/888 889/889 953/953
f 889/889 954/954 953/953
f 889/889 890/890 954/954
f 890/890 955/955 954/954
f 890/890 891/891 955/955
f 891/891 956/956 955/955
f 891/891 892/892 956/956
f 892/892 957/957 956/956
f 892/892 893/893 957/957
f 893/893 958/958 957/957
f 893/893 894/894 958/958
f 894/894 959/959 958/958
f 894/894 895/895 959/959
f 895/895 960/960 959/959
f 895/895 896/896 960/960
f 896/896 961/961 960/960
f 896/896 897/897 961/961
f 897/897 962/962 961/961
f 897/897 898/898 962/962
f 898/898 963/963 962/962
f 898/898 899/899 963/963
f 899/899 964/964 963/963
f 899/899 900/900 964/964
f 900/900 965/965 964/964
f 900/900 901/901 965/965
f 901/901 966/966 965/965
f 901/901 902/902 966/966
f 902/902 967/967 966/966
f 902/902 903/903 967/967
f 903/903 968/968 967/967
f 903/903 904/904 968/968
f 904/904 969/969 968/968
f 904/904 905/905 969/969
f 905/905 970/970 969/969
f 905/905 906/906 970/970
f 906/906 971/971 970/970
f 906/906 907/907 971/971
f 907/907 972/972 971/971
f 907/907 908/908 972/972
f 908/908 973/973 972/972
f 908/908 909/909 973/973
f 909/909 974/974 973/973
f 909/909 910/910 974/974
f 910/910 975/975 974/974
f 911/911 912/912 976/976
f 912/912 977/977 976/976
f 912/912 913/913 977/977
f 913/913 978/978 977/977
f 913/913 914/914 978/978
f 914/914 979/979 978/978
f 914/914 915/915 979/979
f 915/915 980/980 979/979
f 915/915 916/916 980/980
f 916/916 981/981 980/980
f 916/916 917/917 981/981
f 917/917 982/982 981/981
f 917/917 918/918 982/982
f 918/918 983/983 982/982
f 918/918 919/919 983/983
f 919/919 984/984 983/983
f 919/919 920/920 984/984
f 920/920 985/985 984/984
f 920/920 921/921 985/985
f 921/921 986/986 985/985
f 921/921 922/922 986/986
f 922/922 987/987 986/986
f 922/922 923/923 987/987
f 923/923 988/988 987/987
f 923/923 924/924 988/988
f 924/924 989/989 988/988
f 924/924 925/925 989/989
f 925/925 990/990 989/989
f 925/925 926/926 990/990
f 926/926 991/991 990/990
f 926/926 927/927 991/991
f 927/927 992/992 991/991
f 927/927 928/928 992/992
f 928/928 993/993 992/992
f 928/928 929/929 993/993
f 929/929 994/994 993/993
f 929/929 930/930 994/994
f 930/930 995/995 994/994
f 930/930 931/931 995/995
f 931/931 996/996 995/995
f 931/931 932/932 996/996
f 932/932 997/997 996/996
f 932/932 933/933 997/997
f 933/933 998/998 997/997
f 933/933 934/934 998/998
f 934/934 999/999 998/998
f 934/934 935/935 999/999
f 935/935 1000/1000 999/999
f 935/935 936/936 1000/1000
f 936/936 1001/1001 1000/1000
f 936/936 937/937 1001/1001
f 937/937 1002/1002 1001/1001
f 937/937 938/938 1002/1002
f 938/938 1003/1003 1002/1002
f 938/938 939/939 1003/1003
f 939/939 1004/1004 1003/1003
f 939/939 940/940 1004/1004
f 940/940 1005/1005 1004/1004
f 940/940 941/941 1005/1005
f 941/941 1006/1006 1005/1005
f 941/941 942/942 1006/1006
f 942/942 1007/1007 1006/1006
f 942/942 943/943 1007/1007
f 943/943 1008/1008 1007/1007
f 943/943 944/944 1008/1008
f 944/944 1009/1009 1008/1008
f 944/944 945/945 1009/1009
f 945/945 1010/1010 1009/1009
f 945/945 946/946 1010/1010
f 946/946 1011/1011 1010/1010
f 946/946 947/947 1011/1011
f 947/947 1012/1012 1011/1011
f 947/947 948/948 1012/1012
f 948/948 1013/1013 1012/1012
f 948/948 949/949 1013/1013
f 949/949 1014/1014 1013/1013
f 949/949 950/950 1014/1014
f 950/950 1015/1015 1014/1014
f 950/950 951/951 1015/1015
f 951/951 1016/1016 1015/1015
f 951/951 952/952 1016/1016
f 952/952 1017/1017 1016/1016
f 952/952 953/953 1017/1017
f 953/953 1018/1018 1017/1017
f 953/953 954/954 1018/1018
f 954/954 1019/1019 1018/1018
f 954/954 955/955 1019/1019
f 955/955 1020/1020 1019/1019
f 955/955 956/956 1020/1020
f 956/956 1021/1021 1020/1020
f 956/956 957/957 1021/1021
f 957/957 1022/1022 1021/1021
f 957/957 958/958 1022/1022
f 958/958 1023/1023 1022/1022
f 958/958 959/959 1023/1023
f 959/959 1024/1024 1023/1023
f 959/959 960/960 1024/1024
f 960/960 1025/1025 1024/1024
f 960/960 961/961 1025/1025
f 961/961 1026/1026 1025/1025
f 961/961 962/962 1026/1026
f 962/962 1027/1027 1026/1026
f 962/962 963/963 1027/1027
f 963/963 1028/1028 1027/1027
f 963/963 964/964 1028/1028
f 964/964 1029/1029 1028/1028
f 964/964 965/965 1029/1029
f 965/965 1030/1030 1029/1029
f 965/965 966/966 1030/1030
f 966/966 1031/1031 1030/1030
f 966/966 967/967 1031/1031
f 967/967 1032/1032 1031/1031
f 967/967 968/968 1032/1032
f 968/968 1033/1033 1032/1032
f 968/968 969/969 1033/1033
f 969/969 1034/1034 1033/1033
f 969/969 970/970 1034/1034
f 970/970 1035/1035 1034/1034
f 970/970 971/971 1035/1035
f 971/971 1036/1036 1035/1035
f 971/971 972/972 1036/1036
f 972/972 1037/1037 1036/1036
f 972/972 973/973 1037/1037
f 973/973 1038/1038 1037/1037
f 973/973 974/974 1038/1038
f 974/974 1039/1039 1038/1038
f 974/974 975/975 1039/1039
f 975/975 1040/1040 1039/1039
f 976/976 977/977 1041/1041
f 977/977 1042/1042 1041/1041
f 977/977 978/978 1042/1042
f 978/978 1043/1043 1042/1042
f 978/978 979/979 1043/1043
f 979/979 1044/1044 1043/1043
f 979/979 980/980 1044/1044
f 980/980 1045/1045 1044/1044
f 980/980 981/981 1045/1045
f 981/981 1046/1046 1045/1045
f 981/981 982/982 1046/1046
f 982/982 1047/1047 1046/1046
f 982/982 983/983 1047/1047
f 983/983 1048/1048 1047/1047
f 983/983 984/984 1048/1048
f 984/984 1049/1049 1048/1048
f 984/984 985/985 1049/1049
f 985/985 1050/1050 1049/1049
f 985/985 986/986 1050/1050
f 986/986 1051/1051 1050/1050
f 986/986 987/987 1051/1051
f 987/987 1052/1052 1051/1051
f 987/987 988/988 1052/1052
f 988/988 1053/1053 1052/1052
f 988/988 989/989 1053/1053
f 989/989 1054/1054 1053/1053
f 989/989 990/990 1054/1054
f 990/990 1055/1055 1054/1054
f 990/990 991/991 1055/1055
f 991/991 1056/1056 1055/1055
f 991/991 992/992 1056/1056
f 992/992 1057/1057 1056/1056
f 992/992 993/993 1057/1057
f 993/993 1058/1058 1057/1057
f 993/993 994/994 1058/1058
f 994/994 1059/1059 1058/1058
f 994/994 995/995 1059/1059
f 995/995 1060/1060 1059/1059
f 995/995 996/996 1060/1060
f 996/996 1061/1061 1060/1060
f 996/996 997/997 1061/1061
f 997/997 1062/1062 1061/1061
f 997/997 998/998 1062/1062
f 998/998 1063/1063 1062/1062
f 998/998 999/999 1063/1063
f 999/999 1064/1064 1063/1063
f 999/999 1000/1000 1064/1064
f 1000/1000 1065/1065 1064/1064
f 1000/1000 1001/1001 1065/1065
f 1001/1001 1066/1066 1065/1065
f 1001/1001 1002/1002 1066/1066
f 1002/1002 1067/1067 1066/1066
f 1002/1002 1003/1003 1067/1067
f 1003/1003 1068/1068 1067/1067
f 1003/1003 1004/1004 1068/1068
f 1004/1004 1069/1069 1068/1068
f 1004/1004 1005/1005 1069/1069
f 1005/1005 1070/1070 1069/1069
f 1005/1005 1006/1006 1070/1070
f 1006/1006 1071/1071 1070/1070
f 1006/1006 1007/1007 1071/1071
f 1007/1007 1072/1072 1071/1071
f 1007/1007 1008/1008 1072/1072
f 1008/1008 1073/1073 1072/1072
f 1008/1008 1009/1009 1073/1073
f 1009/1009 1074/1074 1073/1073
f 1009/1009 1010/1010 1074/1074
f 1010/1010 1075/1075 1074/1074
f 1010/1010 1011/1011 1075/1075
f 1011/1011 1076/1076 1075/1075
f 1011/1011 1012/1012 1076/1076
f 1012/1012 1077/1077 1076/1076
f 1012/1012 1013/1013 1077/1077
f 1013/1013 1078/1078 1077/1077
f 1013/1013 1014/1014 1078/1078
f 1014/1014 1079/1079 1078/1078
f 1014/1014 1015/1015 1079/1079
f 1015/1015 1080/1080 1079/1079
f 1015/1015 1016/1016 1080/1080
f 1016/1016 1081/1081 1080/1080
f 1016/1016 1017/1017 1081/1081
f 1017/1017 1082/1082 1081/1081
f 1017/1017 1018/1018 1082/1082
f 1018/1018 1083/1083 1082/1082
f 1018/1018 1019/1019 1083/1083
f 1019/1019 1084/1084 1083/1083
f 1019/1019 1020/1020 1084/1084
f 1020/1020 1085/1085 1084/1084
f 1020/1020 1021/1021 1085/1085
f 1021/1021 1086/1086 1085/1085
f 1021/1021 1022/1022 1086/1086
f 1022/1022 1087/1087 1086/1086
f 1022/1022 1023/1023 1087/1087
f 1023/1023 1088/1088 1087/1087
f 1023/1023 1024/1024 1088/1088
f 1024/1024 1089/1089 1088/1088
f 1024/1024 1025/1025 1089/1089
f 1025/1025 1090/1090 1089/1089
f 1025/1025 1026/1026 1090/1090
f 1026/1026 1091/1091 1090/1090
f 1026/1026 1027/1027 1091/1091
f 1027/1027 1092/1092 1091/1091
f 1027/1027 1028/1028 1092/1092
f 1028/1028 1093/1093 1092/1092
f 1028/1028 1029/1029 1093/1093
f 1029/1029 1094/1094 1093/1093
f 1029/1029 1030/1030 1094/1094
f 1030/1030 1095/1095 1094/1094
f 1030/1030 1031/1031 1095/1095
f 1031/1031 1096/1096 1095/1095
f 1031/1031 1032/1032 1096/1096
f 1032/1032 1097/1097 1096/1096
f 1032/1032 1033/1033 1097/1097
f 1033/1033 1098/1098 1097/1097
f 1033/1033 1034/1034 1098/1098
f 1034/1034 1099/1099 1098/1098
f 1034/1034 1035/1035 1099/1099
f 1035/1035 1100/1100 1099/1099
f 1035/1035 1036/1036 1100/1100
f 1036/1036 1101/1101 1100/1100
f 1036/1036 1037/1037 1101/1101
f 1037/1037 1102/1102 1101/1101
f 1037/1037 1038/1038 1102/1102
f 1038/1038 1103/1103 1102/1102
f 1038/1038 1039/1039 1103/1103
f 1039/1039 1104/1104 1103/1103
f 1039/1039 1040/1040 1104/1104
f 1040/1040 1105/1105 1104/1104
f 1041/1041 1042/1042 1106/1106
f 1042/1042 1107/1107 1106/1106
f 1042/1042 1043/1043 1107/1107
f 1043/1043 1108/1108 1107/1107
f 1043/1043 1044/1044 1108/1108
f 1044/1044 1109/1109 1108/1108
f 1044/1044 1045/1045 1109/1109
f 1045/1045 1110/1110 1109/1109
f 1045/1045 1046/1046 1110/1110
f 1046/1046 1111/1111 1110/1110
f 1046/1046 1047/1047 1111/1111
f 1047/1047 1112/1112 1111/1111
f 1047/1047 1048/1048 1112/1112
f 1048/1048 1113/1113 1112/1112
f 1048/1048 1049/1049 1113/1113
f 1049/1049 1114/1114 1113/1113
f 1049/1049 1050/1050 1114/1114
f 1050/1050 1115/1115 1114/1114
f 1050/1050 1051/1051 1115/1115
f 1051/1051 1116/1116 1115/1115
f 1051/1051 1052/1052 1116/1116
f 1052/1052 1117/1117 1116/1116
f 1052/1052 1053/1053 1117/1117
f 1053/1053 1118/1118 1117/1117
f 1053/1053 1054/1054 1118/1118
f 1054/1054 1119/1119 1118/1118
f 1054/1054 1055/1055 1119/1119
f 1055/1055 1120/1120 1119/1119
f 1055/1055 1056/1056 1120/1120
f 1056/1056 1121/1121 1120/1120
f 1056/1056 1057/1057 1121/1121
f 1057/1057 1122/1122 1121/1121
f 1057/1057 1058/1058 1122/1122
f 1058/1058 1123/1123 1122/1122
f 1058/1058 1059/1059 1123/1123
f 1059/1059 1124/1124 1123/1123
f 1059/1059 1060/1060 1124/1124
f 1060/1060 1125/1125 1124/1124
f 1060/1060 1061/1061 1125/1125
f 1061/1061 1126/1126 1125/1125
f 1061/1061 1062/1062 1126/1126
f 1062/1062 1127/1127 1126/1126
f 1062/1062 1063/1063 1127/1127
f 1063/1063 1128/1128 1127/1127
f 1063/1063 1064/1064 1128/1128
f 1064/1064 1129/1129 1128/1128
f 1064/1064 1065/1065 1129/1129
f 1065/1065 1130/1130 1129/1129
f 1065/1065 1066/1066 1130/1130
f 1066/1066 1131/1131 1130/1130
f 1066/1066 1067/1067 1131/1131
f 1067/1067 1132/1132 1131/1131
f 1067/1067 1068/1068 1132/1132
f 1068/1068 1133/1133 1132/1132
f 1068/1068 1069/1069 1133/1133
f 1069/1069 1134/1134 1133/1133
f 1069/1069 1070/1070 1134/1134
f 1070/1070 1135/1135 1134/1134
f 1070/1070 1071/1071 1135/1135
f 1071/1071 1136/1136 1135/1135
f 1071/1071 1072/1072 1136/1136
f 1072/1072 1137/1137 1136/1136
f 1072/1072 1073/1073 1137/1137
f 1073/1073 1138/1138 1137/1137
f 1073/1073 1074/1074 1138/1138
f 1074/1074 1139/1139 1138/1138
f 1074/1074 1075/1075 1139/1139
f 1075/1075 1140/1140 1139/1139
f 1075/1075 1076/1076 1140/1140
f 1076/1076 1141/1141 1140/1140
f 1076/1076 1077/1077 1141/1141
f 1077/1077 1142/1142 1141/1141
f 1077/1077 1078/1078 1142/1142
f 1078/1078 1143/1143 1142/1142
f 1078/1078 1079/1079 1143/1143
f 1079/1079 1144/1144 1143/1143
f 1079/1079 1080/1080 1144/1144
f 1080/1080 1145/1145 1144/1144
f 1080/1080 1081/1081 1145/1145
f 1081/1081 1146/1146 1145/1145
f 1081/1081 1082/1082 1146/1146
f 1082/1082 1147/1147 1146/1146
f 1082/1082 1083/1083 1147/1147
f 1083/1083 1148/1148 1147/1147
f 1083/1083 1084/1084 1148/1148
f 1084/1084 1149/1149 1148/1148
f 1084/1084 1085/1085 1149/1149
f 1085/1085 1150/1150 1149/1149
f 1085/1085 1086/1086 1150/1150
f 1086/1086 1151/1151 1150/1150
f 1086/1086 1087/1087 1151/1151
f 1087/1087 1152/1152 1151/1151
f 1087/1087 1088/1088 1152/1152
f 1088/1088 1153/1153 1152/1152
f 1088/1088 1089/1089 1153/1153
f 1089/1089 1154/1154 1153/1153
f 1089/1089 1090/1090 1154/1154
f 1090/1090 1155/1155 1154/1154
f 1090/1090 1091/1091 1155/1155
f 1091/1091 1156/1156 1155/1155
f 1091/1091 1092/1092 1156/1156
f 1092/1092 1157/1157 1156/1156
f 1092/1092 1093/1093 1157/1157
f 1093/1093 1158/1158 1157/1157
f 1093/1093 1094/1094 1158/1158
f 1094/1094 1159/1159 1158/1158
f 1094/1094 1095/1095 1159/1159
f 1095/1095 1160/1160 1159/1159
f 1095/1095 1096/1096 1160/1160
f 1096/1096 1161/1161 1160/1160
f 1096/1096 1097/1097 1161/1161
f 1097/1097 1162/1162 1161/1161
f 1097/1097 1098/1098 1162/1162
f 1098/1098 1163/1163 1162/1162
f 1098/1098 1099/1099 1163/1163
f 1099/1099 1164/1164 1163/1163
f 1099/1099 1100/1100 1164/1164
f 1100/1100 1165/1165 1164/1164
f 1100/1100 1101/1101 1165/1165
f 1101/1101 1166/1166 1165/1165
f 1101/1101 1102/1102 1166/1166
f 1102/1102 1167/1167 1166/1166
f 1102/1102 1103/1103 1167/1167
f 1103/1103 1168/1168 1167/1167
f 1103/1103 1104/1104 1168/1168
f 1104/1104 1169/1169 1168/1168
f 1104/1104 1105/1105 1169/1169
f 1105/1105 1170/1170 1169/1169
f 1106/1106 1107/1107 1171/1171
f 1107/1107 1172/1172 1171/1171
f 1107/1107 1108/1108 1172/1172
f 1108/1108 1173/1173 1172/1172
f 1108/1108 1109/1109 1173/1173
f 1109/1109 1174/1174 1173/1173
f 1109/1109 1110/1110 1174/1174
f 1110/1110 1175/1175 1174/1174
f 1110/1110 1111/1111 1175/1175
f 1111/1111 1176/1176 1175/1175
f 1111/1111 1112/1112 1176/1176
f 1112/1112 1177/1177 1176/1176
f 1112/1112 1113/1113 1177/1177
f 1113/1113 1178/1178 1177/1177
f 1113/1113 1114/1114 1178/1178
f 1114/1114 1179/1179 1178/1178
f 1114/1114 1115/1115 1179/1179
f 1115/1115 1180/1180 1179/1179
f 1115/1115 1116/1116 1180/1180
f 1116/1116 1181/1181 1180/1180
f 1116/1116 1117/1117 1181/1181
f 1117/1117 1182/1182 1181/1181
f 1117/1117 1118/1118 1182/1182
f 1118/1118 1183/1183 1182/1182
f 1118/1118 1119/1119 1183/1183
f 1119/1119 1184/1184 1183/1183
f 1119/1119 1120/1120 1184/1184
f 1120/1120 1185/1185 1184/1184
f 1120/1120 1121/1121 1185/1185
f 1121/1121 1186/1186 1185/1185
f 1121/1121 1122/1122 1186/1186
f 1122/1122 1187/1187 1186/1186
f 1122/1122 1123/1123 1187/1187
f 1123/1123 1188/1188 1187/1187
f 1123/1123 1124/1124 1188/1188
f 1124/1124 1189/1189 1188/1188
f 1124/1124 1125/1125 1189/1189
f 1125/1125 1190/1190 1189/1189
f 1125/1125 1126/1126 1190/1190
f 1126/1126 1191/1191 1190/1190
f 1126/1126 1127/1127 1191/1191
f 1127/1127 1192/1192 1191/1191
f 1127/1127 1128/1128 1192/1192
f 1128/1128 1193/1193 1192/1192
f 1128/1128 1129/1129 1193/1193
f 1129/1129 1194/1194 1193/1193
f 1129/1129 1130/1130 1194/1194
f 1130/1130 1195/1195 1194/1194
f 1130/1130 1131/1131 1195/1195
f 1131/1131 1196/1196 1195/1195
f 1131/1131 1132/1132 1196/1196
f 1132/1132 1197/1197 1196/1196
f 1132/1132 1133/1133 1197/1197
f 1133/1133 1198/1198 1197/1197
f 1133/1133 1134/1134 1198/1198
f 1134/1134 1199/1199 1198/1198
f 1134/1134 1135/1135 1199/1199
f 1135/1135 1200/1200 1199/1199
f 1135/1135 1136/1136 1200/1200
f 1136/1136 1201/1201 1200/1200
f 1136/1136 1137/1137 1201/1201
f 1137/1137 1202/1202 1201/1201
f 1137/1137 1138/1138 1202/1202
f 1138/1138 1203/1203 1202/1202
f 1138/1138 1139/1139 1203/1203
f 1139/1139 1204/1204 1203/1203
f 1139/1139 1140/1140 1204/1204
f 1140/1140 1205/1205 1204/1204
f 1140/1140 1141/1141 1205/1205
f 1141/1141 1206/1206 1205/1205
f 1141/1141 1142/1142 1206/1206
f 1142/1142 1207/1207 1206/1206
f 1142/1142 1143/1143 1207/1207
f 1143/1143 1208/1208 1207/1207
f 1143/1143 1144/1144 1208/1208
f 1144/1144 1209/1209 1208/1208
f 1144/1144 1145/1145 1209/1209
f 1145/1145 1210/1210 1209/1209
f 1145/1145 1146/1146 1210/1210
f 1146/1146 1211/1211 1210/1210
f 1146/1146 1147/1147 1211/1211
f 1147/1147 1212/1212 1211/1211
f 1147/1147 1148/1148 1212/1212
f 1148/1148 1213/1213 1212/1212
f 1148/1148 1149/1149 1213/1213
f 1149/1149 1214/1214 1213/1213
f 1149/1149 1150/1150 1214/1214
f 1150/1150 1215/1215 1214/1214
f 1150/1150 1151/1151 1215/1215
f 1151/1151 1216/1216 1215/1215
f 1151/1151 1152/1152 1216/1216
f 1152/1152 1217/1217 1216/1216
f 1152/1152 1153/1153 1217/1217
f 1153/1153 1218/1218 1217/1217
f 1153/1153 1154/1154 1218/1218
f 1154/1154 1219/1219 1218/1218
f 1154/1154 1155/1155 1219/1219
f 1155/1155 1220/1220 1219/1219
f 1155/1155 1156/1156 1220/1220
f 1156/1156 1221/1221 1220/1220
f 1156/1156 1157/1157 1221/1221
f 1157/1157 1222/1222 1221/1221
f 1157/1157 1158/1158 1222/1222
f 1158/1158 1223/1223 1222/1222
f 1158/1158 1159/1159 1223/1223
f 1159/1159 1224/1224 1223/1223
f 1159/1159 1160/1160 1224/1224
f 1160/1160 1225/1225 1224/1224
f 1160/1160 1161/1161 1225/1225
f 1161/1161 1226/1226 1225/1225
f 1161/1161 1162/1162 1226/1226
f 1162/1162 1227/1227 1226/1226
f 1162/1162 1163/1163 1227/1227
f 1163/1163 1228/1228 1227/1227
f 1163/1163 1164/1164 1228/1228
f 1164/1164 1229/1229 1228/1228
f 1164/1164 1165/1165 1229/1229
f 1165/1165 1230/1230 1229/1229
f 1165/1165 1166/1166 1230/1230
f 1166/1166 1231/1231 1230/1230
f 1166/1166 1167/1167 1231/1231
f 1167/1167 1232/1232 1231/1231
f 1167/1167 1168/1168 1232/1232
f 1168/1168 1233/1233 1232/1232
f 1168/1168 1169/1169 1233/1233
f 1169/1169 1234/1234 1233/1233
f 1169/1169 1170/1170 1234/1234
f 1170/1170 1235/1235 1234/1234
f 1171/1171 1172/1172 1236/1236
f 1172/1172 1237/1237 1236/1236
f 1172/1172 1173/1173 1237/1237
f 1173/1173 1238/1238 1237/1237
f 1173/1173 1174/1174 1238/1238
f 1174/1174 1239/1239 1238/1238
f 1174/1174 1175/1175 1239/1239
f 1175/1175 1240/1240 1239/1239
f 1175/1175 1176/1176 1240/1240
f 1176/1176 1241/1241 1240/1240
f 1176/1176 1177/1177 1241/1241
f 1177/1177 1242/1242 1241/1241
f 1177/1177 1178/1178 1242/1242
f 1178/1178 1243/1243 1242/1242
f 1178/1178 1179/1179 1243/1243
f 1179/1179 1244/1244 1243/1243
f 1179/1179 1180/1180 1244/1244
f 1180/1180 1245/1245 1244/1244
f 1180/1180 1181/1181 1245/1245
f 1181/1181 1246/1246 1245/1245
f 1181/1181 1182/1182 1246/1246
f 1182/1182 1247/1247 1246/1246
f 1182/1182 1183/1183 1247/1247
f 1183/1183 1248/1248 1247/1247
f 1183/1183 1184/1184 1248/1248
f 1184/1184 1249/1249 1248/1248
f 1184/1184 1185/1185 1249/1249
f 1185/1185 1250/1250 1249/1249
f 1185/1185 1186/1186 1250/1250
f 1186/1186 1251/1251 1250/1250
f 1186/1186 1187/1187 1251/1251
f 1187/1187 1252/1252 1251/1251
f 1187/1187 1188/1188 1252/1252
f 1188/1188 1253/1253 1252/1252
f 1188/1188 1189/1189 1253/1253
f 1189/1189 1254/1254 1253/1253
f 1189/1189 1190/1190 1254/1254
f 1190/1190 1255/1255 1254/1254
f 1190/1190 1191/1191 1255/1255
f 1191/1191 1256/1256 1255/1255
f 1191/1191 1192/1192 1256/1256
f 1192/1192 1257/1257 1256/1256
f 1192/1192 1193/1193 1257/1257
f 1193/1193 1258/1258 1257/1257
f 1193/1193 1194/1194 1258/1258
f 1194/1194 1259/1259 1258/1258
f 1194/1194 1195/1195 1259/1259
f 1195/1195 1260/1260 1259/1259
f 1195/1195 1196/1196 1260/1260
f 1196/1196 1261/1261 1260/1260
f 1196/1196 1197/1197 1261/1261
f 1197/1197 1262/1262 1261/1261
f 1197/1197 1198/1198 1262/1262
f 1198/1198 1263/1263 1262/1262
f 1198/1198 1199/1199 1263/1263
f 1199/1199 1264/1264 1263/1263
f 1199/1199 1200/1200 1264/1264
f 1200/1200 1265/1265 1264/1264
f 1200/1200 1201/1201 1265/1265
f 1201/1201 1266/1266 1265/1265
f 1201/1201 1202/1202 1266/1266
f 1202/1202 1267/1267 1266/1266
f 1202/1202 1203/1203 1267/1267
f 1203/1203 1268/1268 1267/1267
f 1203/1203 1204/1204 1268/1268
f 1204/1204 1269/1269 1268/1268
f 1204/1204 1205/1205 1269/1269
f 1205/1205 1270/1270 1269/1269
f 1205/1205 1206/1206 1270/1270
f 1206/1206 1271/1271 1270/1270
f 1206/1206 1207/1207 1271/1271
f 1207/1207 1272/1272 1271/1271
f 1207/1207 1208/1208 1272/1272
f 1208/1208 1273/1273 1272/1272
f 1208/1208 1209/1209 1273/1273
f 1209/1209 1274/1274 1273/1273
f 1209/1209 1210/1210 1274/1274
f 1210/1210 1275/1275 1274/1274
f 1210/1210 1211/1211 1275/1275
f 1211/1211 1276/1276 1275/1275
f 1211/1211 1212/1212 1276/1276
f 1212/1212 1277/1277 1276/1276
f 1212/1212 1213/1213 1277/1277
f 1213/1213 1278/1278 1277/1277
f 1213/1213 1214/1214 1278/1278
f 1214/1214 1279/1279 1278/1278
f 1214/1214 1215/1215 1279/1279
f 1215/1215 1280/1280 1279/1279
f 1215/1215 1216/1216 1280/1280
f 1216/1216 1281/1281 1280/1280
f 1216/1216 1217/1217 1281/1281
f 1217/1217 1282/1282 1281/1281
f 1217/1217 1218/1218 1282/1282
f 1218/1218 1283/1283 1282/1282
f 1218/1218 1219/1219 1283/1283
f 1219/1219 1284/1284 1283/1283
f 1219/1219 1220/1220 1284/1284
f 1220/1220 1285/1285 1284/1284
f 1220/1220 1221/1221 1285/1285
f 1221/1221 1286/1286 1285/1285
f 1221/1221 1222/1222 1286/1286
f 1222/1222 1287/1287 1286/1286
f 1222/1222 1223/1223 1287/1287
f 1223/1223 1288/1288 1287/1287
f 1223/1223 1224/1224 1288/1288
f 1224/1224 1289/1289 1288/1288
f 1224/1224 1225/1225 1289/1289
f 1225/1225 1290/1290 1289/1289
f 1225/1225 1226/1226 1290/1290
f 1226/1226 1291/1291 1290/1290
f 1226/1226 1227/1227 1291/1291
f 1227/1227 1292/1292 1291/1291
f 1227/1227 1228/1228 1292/1292
f 1228/1228 1293/1293 1292/1292
f 1228/1228 1229/1229 1293/1293
f 1229/1229 1294/1294 1293/1293
f 1229/1229 1230/1230 1294/1294
f 1230/1230 1295/1295 1294/1294
f 1230/1230 1231/1231 1295/1295
f 1231/1231 1296/1296 1295/1295
f 1231/1231 1232/1232 1296/1296
f 1232/1232 1297/1297 1296/1296
f 1232/1232 1233/1233 1297/1297
f 1233/1233 1298/1298 1297/1297
f 1233/1233 1234/1234 1298/1298
f 1234/1234 1299/1299 1298/1298
f 1234/1234 1235/1235 1299/1299
f 1235/1235 1300/1300 1299/1299
f 1236/1236 1237/1237 1301/1301
f 1237/1237 1302/1302 1301/1301
f 1237/1237 1238/1238 1302/1302
f 1238/1238 1303/1303 1302/1302
f 1238/1238 1239/1239 1303/1303
f 1239/1239 1304/1304 1303/1303
f 1239/1239 1240/1240 1304/1304
f 1240/1240 1305/1305 1304/1304
f 1240/1240 1241/1241 1305/1305
f 1241/1241 1306/1306 1305/1305
f 1241/1241 1242/1242 1306/1306
f 1242/1242 1307/1307 1306/1306
f 1242/1242 1243/1243 1307/1307
f 1243/1243 1308/1308 1307/1307
f 1243/1243 1244/1244 1308/1308
f 1244/1244 1309/1309 1308/1308
f 1244/1244 1245/1245 1309/1309
f 1245/1245 1310/1310 1309/1309
f 1245/1245 1246/1246 1310/1310
f 1246/1246 1311/1311 1310/1310
f 1246/1246 1247/1247 1311/1311
f 1247/1247 1312/1312 1311/1311
f 1247/1247 1248/1248 1312/1312
f 1248/1248 1313/1313 1312/1312
f 1248/1248 1249/1249 1313/1313
f 1249/1249 1314/1314 1313/1313
f 1249/1249 1250/1250 1314/1314
f 1250/1250 1315/1315 1314/1314
f 1250/1250 1251/1251 1315/1315
f 1251/1251 1316/1316 1315/1315
f 1251/1251 1252/1252 1316/1316
f 1252/1252 1317/1317 1316/1316
f 1252/1252 1253/1253 1317/1317
f 1253/1253 1318/1318 1317/1317
f 1253/1253 1254/1254 1318/1318
f 1254/1254 1319/1319 1318/1318
f 1254/1254 1255/1255 1319/1319
f 1255/1255 1320/1320 1319/1319
f 1255/1255 1256/1256 1320/1320
f 1256/1256 1321/1321 1320/1320
f 1256/1256 1257/1257 1321/1321
f 1257/1257 1322/1322 1321/1321
f 1257/1257 1258/1258 1322/1322
f 1258/1258 1323/1323 1322/1322
f 1258/1258 1259/1259 1323/1323
f 1259/1259 1324/1324 1323/1323
f 1259/1259 1260/1260 1324/1324
f 1260/1260 1325/1325 1324/1324
f 1260/1260 1261/1261 1325/1325
f 1261/1261 1326/1326 1325/1325
f 1261/1261 1262/1262 1326/1326
f 1262/1262 1327/1327 1326/1326
f 1262/1262 1263/1263 1327/1327
f 1263/1263 1328/1328 1327/1327
f 1263/1263 1264/1264 1328/1328
f 1264/1264 1329/1329 1328/1328
f 1264/1264 1265/1265 1329/1329
f 1265/1265 1330/1330 1329/1329
f 1265/1265 1266/1266 1330/1330
f 1266/1266 1331/1331 1330/1330
f 1266/1266 1267/1267 1331/1331
f 1267/1267 1332/1332 1331/1331
f 1267/1267 1268/1268 1332/1332
f 1268/1268 1333/1333 1332/1332
f 1268/1268 1269/1269 1333/1333
f 1269/1269 1334/1334 1333/1333
f 1269/1269 1270/1270 1334/1334
f 1270/1270 1335/1335 1334/1334
f 1270/1270 1271/1271 1335/1335
f 1271/1271 1336/1336 1335/1335
f 1271/1271 1272/1272 1336/1336
f 1272/1272 1337/1337 1336/1336
f 1272/1272 1273/1273 1337/1337
f 1273/1273 1338/1338 1337/1337
f 1273/1273 1274/1274 1338/1338
f 1274/1274 1339/1339 1338/1338
f 1274/1274 1275/1275 1339/1339
f 1275/1275 1340/1340 1339/1339
f 1275/1275 1276/1276 1340/1340
f 1276/1276 1341/1341 1340/1340
f 1276/1276 1277/1277 1341/1341
f 1277/1277 1342/1342 1341/1341
f 1277/1277 1278/1278 1342/1342
f 1278/1278 1343/1343 1342/1342
f 1278/1278 1279/1279 1343/1343
f 1279/1279 1344/1344 1343/1343
f 1279/1279 1280/1280 1344/1344
f 1280/1280 1345/1345 1344/1344
f 1280/1280 1281/1281 1345/1345
f 1281/1281 1346/1346 1345/1345
f 1281/1281 1282/1282 1346/1346
f 1282/1282 1347/1347 1346/1346
f 1282/1282 1283/1283 1347/1347
f 1283/1283 1348/1348 1347/1347
f 1283/1283 1284/1284 1348/1348
f 1284/1284 1349/1349 1348/1348
f 1284/1284 1285/1285 1349/1349
f 1285/1285 1350/1350 1349/1349
f 1285/1285 1286/1286 1350/1350
f 1286/1286 1351/1351 1350/1350
f 1286/1286 1287/1287 1351/1351
f 1287/1287 1352/1352 1351/1351
f 1287/1287 1288/1288 1352/1352
f 1288/1288 1353/1353 1352/1352
f 1288/1288 1289/1289 1353/1353
f 1289/1289 1354/1354 1353/1353
f 1289/1289 1290/1290 1354/1354
f 1290/1290 1355/1355 1354/1354
f 1290/1290 1291/1291 1355/1355
f 1291/1291 1356/1356 1355/1355
f 1291/1291 1292/1292 1356/1356
f 1292/1292 1357/1357 1356/1356
f 1292/1292 1293/1293 1357/1357
f 1293/1293 1358/1358 1357/1357
f 1293/1293 1294/1294 1358/1358
f 1294/1294 1359/1359 1358/1358
f 1294/1294 1295/1295 1359/1359
f 1295/1295 1360/1360 1359/1359
f 1295/1295 1296/1296 1360/1360
f 1296/1296 1361/1361 1360/1360
f 1296/1296 1297/1297 1361/1361
f 1297/1297 1362/1362 1361/1361
f 1297/1297 1298/1298 1362/1362
f 1298/1298 1363/1363 1362/1362
f 1298/1298 1299/1299 1363/1363
f 1299/1299 1364/1364 1363/1363
f 1299/1299 1300/1300 1364/1364
f 1300/1300 1365/1365 1364/1364
f 1301/1301 1302/1302 1366/1366
f 1302/1302 1367/1367 1366/1366
f 1302/1302 1303/1303 1367/1367
f 1303/1303 1368/1368 1367/1367
f 1303/1303 1304/1304 1368/1368
f 1304/1304 1369/1369 1368/1368
f 1304/1304 1305/1305 1369/1369
f 1305/1305 1370/1370 1369/1369
f 1305/1305 1306/1306 1370/1370
f 1306/1306 1371/1371 1370/1370
f 1306/1306 1307/1307 1371/1371
f 1307/1307 1372/1372 1371/1371
f 1307/1307 1308/1308 1372/1372
f 1308/1308 1373/1373 1372/1372
f 1308/1308 1309/1309 1373/1373
f 1309/1309 1374/1374 1373/1373
f 1309/1309 1310/1310 1374/1374
f 1310/1310 1375/1375 1374/1374
f 1310/1310 1311/1311 1375/1375
f 1311/1311 1376/1376 1375/1375
f 1311/1311 1312/1312 1376/1376
f 1312/1312 1377/1377 1376/1376
f 1312/1312 1313/1313 1377/1377
f 1313/1313 1378/1378 1377/1377
f 1313/1313 1314/1314 1378/1378
f 1314/1314 1379/1379 1378/1378
f 1314/1314 1315/1315 1379/1379
f 1315/1315 1380/1380 1379/1379
f 1315/1315 1316/1316 1380/1380
f 1316/1316 1381/1381 1380/1380
f 1316/1316 1317/1317 1381/1381
f 1317/1317 1382/1382 1381/1381
f 1317/1317 1318/1318 1382/1382
f 1318/1318 1383/1383 1382/1382
f 1318/1318 1319/1319 1383/1383
f 1319/1319 1384/1384 1383/1383
f 1319/1319 1320/1320 1384/1384
f 1320/1320 1385/1385 1384/1384
f 1320/1320 1321/1321 1385/1385
f 1321/1321 1386/1386 1385/1385
f 1321/1321 1322/1322 1386/1386
f 1322/1322 1387/1387 1386/1386
f 1322/1322 1323/1323 1387/1387
f 1323/1323 1388/1388 1387/1387
f 1323/1323 1324/1324 1388/1388
f 1324/1324 1389/1389 1388/1388
f 1324/1324 1325/1325 1389/1389
f 1325/1325 1390/1390 1389/1389
f 1325/1325 1326/1326 1390/1390
f 1326/1326 1391/1391 1390/1390
f 1326/1326 1327/1327 1391/1391
f 1327/1327 1392/1392 1391/1391
f 1327/1327 1328/1328 1392/1392
f 1328/1328 1393/1393 1392/1392
f 1328/1328 1329/1329 1393/1393
f 1329/1329 1394/1394 1393/1393
f 1329/1329 1330/1330 1394/1394
f 1330/1330 1395/1395 1394/1394
f 1330/1330 1331/1331 1395/1395
f 1331/1331 1396/1396 1395/1395
f 1331/1331 1332/1332 1396/1396
f 1332/1332 1397/1397 1396/1396
f 1332/1332 1333/1333 1397/1397
f 1333/1333 1398/1398 1397/1397
f 1333/1333 1334/1334 1398/1398
f 1334/1334 1399/1399 1398/1398
f 1334/1334 1335/1335 1399/1399
f 1335/1335 1400/1400 1399/1399
f 1335/1335 1336/1336 1400/1400
f 1336/1336 1401/1401 1400/1400
f 1336/1336 1337/1337 1401/1401
f 1337/1337 1402/1402 1401/1401
f 1337/1337 1338/1338 1402/1402
f 1338/1338 1403/1403 1402/1402
f 1338/1338 1339/1339 1403/1403
f 1339/1339 1404/1404 1403/1403
f 1339/1339 1340/1340 1404/1404
f 1340/1340 1405/1405 1404/1404
f 1340/1340 1341/1341 1405/1405
f 1341/1341 1406/1406 1405/1405
f 1341/1341 1342/1342 1406/1406
f 1342/1342 1407/1407 1406/1406
f 1342/1342 1343/1343 1407/1407
f 1343/1343 1408/1408 1407/1407
f 1343/1343 1344/1344 1408/1408
f 1344/1344 1409/1409 1408/1408
f 1344/1344 1345/1345 1409/1409
f 1345/1345 1410/1410 1409/1409
f 1345/1345 1346/1346 1410/1410
f 1346/1346 1411/1411 1410/1410
f 1346/1346 1347/1347 1411/1411
f 1347/1347 1412/1412 1411/1411
f 1347/1347 1348/1348 1412/1412
f 1348/1348 1413/1413 1412/1412
f 1348/1348 1349/1349 1413/1413
f 1349/1349 1414/1414 1413/1413
f 1349/1349 1350/1350 1414/1414
f 1350/1350 1415/1415 1414/1414
f 1350/1350 1351/1351 1415/1415
f 1351/1351 1416/1416 1415/1415
f 1351/1351 1352/1352 1416/1416
f 1352/1352 1417/1417 1416/1416
f 1352/1352 1353/1353 1417/1417
f 1353/1353 1418/1418 1417/1417
f 1353/1353 1354/1354 1418/1418
f 1354/1354 1419/1419 1418/1418
f 1354/1354 1355/1355 1419/1419
f 1355/1355 1420/1420 1419/1419
f 1355/1355 1356/1356 1420/1420
f 1356/1356 1421/1421 1420/1420
f 1356/1356 1357/1357 1421/1421
f 1357/1357 1422/1422 1421/1421
f 1357/1357 1358/1358 1422/1422
f 1358/1358 1423/1423 1422/1422
f 1358/1358 1359/1359 1423/1423
f 1359/1359 1424/1424 1423/1423
f 1359/1359 1360/1360 1424/1424
f 1360/1360 1425/1425 1424/1424
f 1360/1360 1361/1361 1425/1425
f 1361/1361 1426/1426 1425/1425
f 1361/1361 1362/1362 1426/1426
f 1362/1362 1427/1427 1426/1426
f 1362/1362 1363/1363 1427/1427
f 1363/1363 1428/1428 1427/1427
f 1363/1363 1364/1364 1428/1428
f 1364/1364 1429/1429 1428/1428
f 1364/1364 1365/1365 1429/1429
f 1365/1365 1430/1430 1429/1429
f 1366/1366 1367/1367 1431/1431
f 1367/1367 1432/1432 1431/1431
f 1367/1367 1368/1368 1432/1432
f 1368/1368 1433/1433 1432/1432
f 1368/1368 1369/1369 1433/1433
f 1369/1369 1434/1434 1433/1433
f 1369/1369 1370/1370 1434/1434
f 1370/1370 1435/1435 1434/1434
f 1370/1370 1371/1371 1435/1435
f 1371/1371 1436/1436 1435/1435
f 1371/1371 1372/1372 1436/1436
f 1372/1372 1437/1437 1436/1436
f 1372/1372 1373/1373 1437/1437
f 1373/1373 1438/1438 1437/1437
f 1373/1373 1374/1374 1438/1438
f 1374/1374 1439/1439 1438/1438
f 1374/1374 1375/1375 1439/1439
f 1375/1375 1440/1440 1439/1439
f 1375/1375 1376/1376 1440/1440
f 1376/1376 1441/1441 1440/1440
f 1376/1376 1377/1377 1441/1441
f 1377/1377 1442/1442 1441/1441
f 1377/1377 1378/1378 1442/1442
f 1378/1378 1443/1443 1442/1442
f 1378/1378 1379/1379 1443/1443
f 1379/1379 1444/1444 1443/1443
f 1379/1379 1380/1380 1444/1444
f 1380/1380 1445/1445 1444/1444
f 1380/1380 1381/1381 1445/1445
f 1381/1381 1446/1446 1445/1445
f 1381/1381 1382/1382 1446/1446
f 1382/1382 1447/1447 1446/1446
f 1382/1382 1383/1383 1447/1447
f 1383/1383 1448/1448 1447/1447
f 1383/1383 1384/1384 1448/1448
f 1384/1384 1449/1449 1448/1448
f 1384/1384 1385/1385 1449/1449
f 1385/1385 1450/1450 1449/1449
f 1385/1385 1386/1386 1450/1450
f 1386/1386 1451/1451 1450/1450
f 1386/1386 1387/1387 1451/1451
f 1387/1387 1452/1452 1451/1451
f 1387/1387 1388/1388 1452/1452
f 1388/1388 1453/1453 1452/1452
f 1388/1388 1389/1389 1453/1453
f 1389/1389 1454/1454 1453/1453
f 1389/1389 1390/1390 1454/1454
f 1390/1390 1455/1455 1454/1454
f 1390/1390 1391/1391 1455/1455
f 1391/1391 1456/1456 1455/1455
f 1391/1391 1392/1392 1456/1456
f 1392/1392 1457/1457 1456/1456
f 1392/1392 1393/1393 1457/1457
f 1393/1393 1458/1458 1457/1457
f 1393/1393 1394/1394 1458/1458
f 1394/1394 1459/1459 1458/1458
f 1394/1394 1395/1395 1459/1459
f 1395/1395 1460/1460 1459/1459
f 1395/1395 1396/1396 1460/1460
f 1396/1396 1461/1461 1460/1460
f 1396/1396 1397/1397 1461/1461
f 1397/1397 1462/1462 1461/1461
f 1397/1397 1398/1398 1462/1462
f 1398/1398 1463/1463 1462/1462
f 1398/1398 1399/1399 1463/1463
f 1399/1399 1464/1464 1463/1463
f 1399/1399 1400/1400 1464/1464
f 1400/1400 1465/1465 1464/1464
f 1400/1400 1401/1401 1465/1465
f 1401/1401 1466/1466 1465/1465
f 1401/1401 1402/1402 1466/1466
f 1402/1402 1467/1467 1466/1466
f 1402/1402 1403/1403 1467/1467
f 1403/1403 1468/1468 1467/1467
f 1403/1403 1404/1404 1468/1468
f 1404/1404 1469/1469 1468/1468
f 1404/1404 1405/1405 1469/1469
f 1405/1405 1470/1470 1469/1469
f 1405/1405 1406/1406 1470/1470
f 1406/1406 1471/1471 1470/1470
f 1406/1406 1407/1407 1471/1471
f 1407/1407 1472/1472 1471/1471
f 1407/1407 1408/1408 1472/1472
f 1408/1408 1473/1473 1472/1472
f 1408/1408 1409/1409 1473/1473
f 1409/1409 1474/1474 1473/1473
f 1409/1409 1410/1410 1474/1474
f 1410/1410 1475/1475 1474/1474
f 1410/1410 1411/1411 1475/1475
f 1411/1411 1476/1476 1475/1475
f 1411/1411 1412/1412 1476/1476
f 1412/1412 1477/1477 1476/1476
f 1412/1412 1413/1413 1477/1477
f 1413/1413 1478/1478 1477/1477
f 1413/1413 1414/1414 1478/1478
f 1414/1414 1479/1479 1478/1478
f 1414/1414 1415/1415 1479/1479
f 1415/1415 1480/1480 1479/1479
f 1415/1415 1416/1416 1480/1480
f 1416/1416 1481/1481 1480/1480
f 1416/1416 1417/1417 1481/1481
f 1417/1417 1482/1482 1481/1481
f 1417/1417 1418/1418 1482/1482
f 1418/1418 1483/1483 1482/1482
f 1418/1418 1419/1419 1483/1483
f 1419/1419 1484/1484 1483/1483
f 1419/1419 1420/1420 1484/1484
f 1420/1420 1485/1485 1484/1484
f 1420/1420 1421/1421 1485/1485
f 1421/1421 1486/1486 1485/1485
f 1421/1421 1422/1422 1486/1486
f 1422/1422 1487/1487 1486/1486
f 1422/1422 1423/1423 1487/1487
f 1423/1423 1488/1488 1487/1487
f 1423/1423 1424/1424 1488/1488
f 1424/1424 1489/1489 1488/1488
f 1424/1424 1425/1425 1489/1489
f 1425/1425 1490/1490 1489/1489
f 1425/1425 1426/1426 1490/1490
f 1426/1426 1491/1491 1490/1490
f 1426/1426 1427/1427 1491/1491
f 1427/1427 1492/1492 1491/1491
f 1427/1427 1428/1428 1492/1492
f 1428/1428 1493/1493 1492/1492
f 1428/1428 1429/1429 1493/1493
f 1429/1429 1494/1494 1493/1493
f 1429/1429 1430/1430 1494/1494
f 1430/1430 1495/1495 1494/1494
f 1431/1431 1432/1432 1496/1496
f 1432/1432 1497/1497 1496/1496
f 1432/1432 1433/1433 1497/1497
f 1433/1433 1498/1498 1497/1497
f 1433/1433 1434/1434 1498/1498
f 1434/1434 1499/1499 1498/1498
f 1434/1434 1435/1435 1499/1499
f 1435/1435 1500/1500 1499/1499
f 1435/1435 1436/1436 1500/1500
f 1436/1436 1501/1501 1500/1500
f 1436/1436 1437/1437 1501/1501
f 1437/1437 1502/1502 1501/1501
f 1437/1437 1438/1438 1502/1502
f 1438/1438 1503/1503 1502/1502
f 1438/1438 1439/1439 1503/1503
f 1439/1439 1504/1504 1503/1503
f 1439/1439 1440/1440 1504/1504
f 1440/1440 1505/1505 1504/1504
f 1440/1440 1441/1441 1505/1505
f 1441/1441 1506/1506 1505/1505
f 1441/1441 1442/1442 1506/1506
f 1442/1442 1507/1507 1506/1506
f 1442/1442 1443/1443 1507/1507
f 1443/1443 1508/1508 1507/1507
f 1443/1443 1444/1444 1508/1508
f 1444/1444 1509/1509 1508/1508
f 1444/1444 1445/1445 1509/1509
f 1445/1445 1510/1510 1509/1509
f 1445/1445 1446/1446 1510/1510
f 1446/1446 1511/1511 1510/1510
f 1446/1446 1447/1447 1511/1511
f 1447/1447 1512/1512 1511/1511
f 1447/1447 1448/1448 1512/1512
f 1448/1448 1513/1513 1512/1512
f 1448/1448 1449/1449 1513/1513
f 1449/1449 1514/1514 1513/1513
f 1449/1449 1450/1450 1514/1514
f 1450/1450 1515/1515 1514/1514
f 1450/1450 1451/1451 1515/1515
f 1451/1451 1516/1516 1515/1515
f 1451/1451 1452/1452 1516/1516
f 1452/1452 1517/1517 1516/1516
f 1452/1452 1453/1453 1517/1517
f 1453/1453 1518/1518 1517/1517
f 1453/1453 1454/1454 1518/1518
f 1454/1454 1519/1519 1518/1518
f 1454/1454 1455/1455 1519/1519
f 1455/1455 1520/1520 1519/1519
f 1455/1455 1456/1456 1520/1520
f 1456/1456 1521/1521 1520/1520
f 1456/1456 1457/1457 1521/1521
f 1457/1457 1522/1522 1521/1521
f 1457/1457 1458/1458 1522/1522
f 1458/1458 1523/1523 1522/1522
f 1458/1458 1459/1459 1523/1523
f 1459/1459 1524/1524 1523/1523
f 1459/1459 1460/1460 1524/1524
f 1460/1460 1525/1525 1524/1524
f 1460/1460 1461/1461 1525/1525
f 1461/1461 1526/1526 1525/1525
f 1461/1461 1462/1462 1526/1526
f 1462/1462 1527/1527 1526/1526
f 1462/1462 1463/1463 1527/1527
f 1463/1463 1528/1528 1527/1527
f 1463/1463 1464/1464 1528/1528
f 1464/1464 1529/1529 1528/1528
f 1464/1464 1465/1465 1529/1529
f 1465/1465 1530/1530 1529/1529
f 1465/1465 1466/1466 1530/1530
f 1466/1466 1531/1531 1530/1530
f 1466/1466 1467/1467 1531/1531
f 1467/1467 1532/1532 1531/1531
f 1467/1467 1468/1468 1532/1532
f 1468/1468 1533/1533 1532/1532
f 1468/1468 1469/1469 1533/1533
f 1469/1469 1534/1534 1533/1533
f 1469/1469 1470/1470 1534/1534
f 1470/1470 1535/1535 1534/1534
f 1470/1470 1471/1471 1535/1535
f 1471/1471 1536/1536 1535/1535
f 1471/1471 1472/1472 1536/1536
f 1472/1472 1537/1537 1536/1536
f 1472/1472 1473/1473 1537/1537
f 1473/1473 1538/1538 1537/1537
f 1473/1473 1474/1474 1538/1538
f 1474/1474 1539/1539 1538/1538
f 1474/1474 1475/1475 1539/1539
f 1475/1475 1540/1540 1539/1539
f 1475/1475 1476/1476 1540/1540
f 1476/1476 1541/1541 1540/1540
f 1476/1476 1477/1477 1541/1541
f 1477/1477 1542/1542 1541/1541
f 1477/1477 1478/1478 1542/1542
f 1478/1478 1543/1543 1542/1542
f 1478/1478 1479/1479 1543/1543
f 1479/1479 1544/1544 1543/1543
f 1479/1479 1480/1480 1544/1544
f 1480/1480 1545/1545 1544/1544
f 1480/1480 1481/1481 1545/1545
f 1481/1481 1546/1546 1545/1545
f 1481/1481 1482/1482 1546/1546
f 1482/1482 1547/1547 1546/1546
f 1482/1482 1483/1483 1547/1547
f 1483/1483 1548/1548 1547/1547
f 1483/1483 1484/1484 1548/1548
f 1484/1484 1549/1549 1548/1548
f 1484/1484 1485/1485 1549/1549
f 1485/1485 1550/1550 1549/1549
f 1485/1485 1486/1486 1550/1550
f 1486/1486 1551/1551 1550/1550
f 1486/1486 1487/1487 1551/1551
f 1487/1487 1552/1552 1551/1551
f 1487/1487 1488/1488 1552/1552
f 1488/1488 1553/1553 1552/1552
f 1488/1488 1489/1489 1553/1553
f 1489/1489 1554/1554 1553/1553
f 1489/1489 1490/1490 1554/1554
f 1490/1490 1555/1555 1554/1554
f 1490/1490 1491/1491 1555/1555
f 1491/1491 1556/1556 1555/1555
f 1491/1491 1492/1492 1556/1556
f 1492/1492 1557/1557 1556/1556
f 1492/1492 1493/1493 1557/1557
f 1493/1493 1558/1558 1557/1557
f 1493/1493 1494/1494 1558/1558
f 1494/1494 1559/1559 1558/1558
f 1494/1494 1495/1495 1559/1559
f 1495/1495 1560/1560 1559/1559
f 1496/1496 1497/1497 1561/1561
f 1497/1497 1562/1562 1561/1561
f 1497/1497 1498/1498 1562/1562
f 1498/1498 1563/1563 1562/1562
f 1498/1498 1499/1499 1563/1563
f 1499/1499 1564/1564 1563/1563
f 1499/1499 1500/1500 1564/1564
f 1500/1500 1565/1565 1564/1564
f 1500/1500 1501/1501 1565/1565
f 1501/1501 1566/1566 1565/1565
f 1501/1501 1502/1502 1566/1566
f 1502/1502 1567/1567 1566/1566
f 1502/1502 1503/1503 1567/1567
f 1503/1503 1568/1568 1567/1567
f 1503/1503 1504/1504 1568/1568
f 1504/1504 1569/1569 1568/1568
f 1504/1504 1505/1505 1569/1569
f 1505/1505 1570/1570 1569/1569
f 1505/1505 1506/1506 1570/1570
f 1506/1506 1571/1571 1570/1570
f 1506/1506 1507/1507 1571/1571
f 1507/1507 1572/1572 1571/1571
f 1507/1507 1508/1508 1572/1572
f 1508/1508 1573/1573 1572/1572
f 1508/1508 1509/1509 1573/1573
f 1509/1509 1574/1574 1573/1573
f 1509/1509 1510/1510 1574/1574
f 1510/1510 1575/1575 1574/1574
f 1510/1510 1511/1511 1575/1575
f 1511/1511 1576/1576 1575/1575
f 1511/1511 1512/1512 1576/1576
f 1512/1512 1577/1577 1576/1576
f 1512/1512 1513/1513 1577/1577
f 1513/1513 1578/1578 1577/1577
f 1513/1513 1514/1514 1578/1578
f 1514/1514 1579/1579 1578/1578
f 1514/1514 1515/1515 1579/1579
f 1515/1515 1580/1580 1579/1579
f 1515/1515 1516/1516 1580/1580
f 1516/1516 1581/1581 1580/1580
f 1516/1516 1517/1517 1581/1581
f 1517/1517 1582/1582 1581/1581
f 1517/1517 1518/1518 1582/1582
f 1518/1518 1583/1583 1582/1582
f 1518/1518 1519/1519 1583/1583
f 1519/1519 1584/1584 1583/1583
f 1519/1519 1520/1520 1584/1584
f 1520/1520 1585/1585 1584/1584
f 1520/1520 1521/1521 1585/1585
f 1521/1521 1586/1586 1585/1585
f 1521/1521 1522/1522 1586/1586
f 1522/1522 1587/1587 1586/1586
f 1522/1522 1523/1523 1587/1587
f 1523/1523 1588/1588 1587/1587
f 1523/1523 1524/1524 1588/1588
f 1524/1524 1589/1589 1588/1588
f 1524/1524 1525/1525 1589/1589
f 1525/1525 1590/1590 1589/1589
f 1525/1525 1526/1526 1590/1590
f 1526/1526 1591/1591 1590/1590
f 1526/1526 1527/1527 1591/1591
f 1527/1527 1592/1592 1591/1591
f 1527/1527 1528/1528 1592/1592
f 1528/1528 1593/1593 1592/1592
f 1528/1528 1529/1529 1593/1593
f 1529/1529 1594/1594 1593/1593
f 1529/1529 1530/1530 1594/1594
f 1530/1530 1595/1595 1594/1594
f 1530/1530 1531/1531 1595/1595
f 1531/1531 1596/1596 1595/1595
f 1531/1531 1532/1532 1596/1596
f 1532/1532 1597/1597 1596/1596
f 1532/1532 1533/1533 1597/1597
f 1533/1533 1598/1598 1597/1597
f 1533/1533 1534/1534 1598/1598
f 1534/1534 1599/1599 1598/1598
f 1534/1534 1535/1535 1599/1599
f 1535/1535 1600/1600 1599/1599
f 1535/1535 1536/1536 1600/1600
f 1536/1536 1601/1601 1600/1600
f 1536/1536 1537/1537 1601/1601
f 1537/1537 1602/1602 1601/1601
f 1537/1537 1538/1538 1602/1602
f 1538/1538 1603/1603 1602/1602
f 1538/1538 1539/1539 1603/1603
f 1539/1539 1604/1604 1603/1603
f 1539/1539 1540/1540 1604/1604
f 1540/1540 1605/1605 1604/1604
f 1540/1540 1541/1541 1605/1605
f 1541/1541 1606/1606 1605/1605
f 1541/1541 1542/1542 1606/1606
f 1542/1542 1607/1607 1606/1606
f 1542/1542 1543/1543 1607/1607
f 1543/1543 1608/1608 1607/1607
f 1543/1543 1544/1544 1608/1608
f 1544/1544 1609/1609 1608/1608
f 1544/1544 1545/1545 1609/1609
f 1545/1545 1610/1610 1609/1609
f 1545/1545 1546/1546 1610/1610
f 1546/1546 1611/1611 1610/1610
f 1546/1546 1547/1547 1611/1611
f 1547/1547 1612/1612 1611/1611
f 1547/1547 1548/1548 1612/1612
f 1548/1548 1613/1613 1612/1612
f 1548/1548 1549/1549 1613/1613
f 1549/1549 1614/1614 1613/1613
f 1549/1549 1550/1550 1614/1614
f 1550/1550 1615/1615 1614/1614
f 1550/1550 1551/1551 1615/1615
f 1551/1551 1616/1616 1615/1615
f 1551/1551 1552/1552 1616/1616
f 1552/1552 1617/1617 1616/1616
f 1552/1552 1553/1553 1617/1617
f 1553/1553 1618/1618 1617/1617
f 1553/1553 1554/1554 1618/1618
f 1554/1554 1619/1619 1618/1618
f 1554/1554 1555/1555 1619/1619
f 1555/1555 1620/1620 1619/1619
f 1555/1555 1556/1556 1620/1620
f 1556/1556 1621/1621 1620/1620
f 1556/1556 1557/1557 1621/1621
f 1557/1557 1622/1622 1621/1621
f 1557/1557 1558/1558 1622/1622
f 1558/1558 1623/1623 1622/1622
f 1558/1558 1559/1559 1623/1623
f 1559/1559 1624/1624 1623/1623
f 1559/1559 1560/1560 1624/1624
f 1560/1560 1625/1625 1624/1624
f 1561/1561 1562/1562 1626/1626
f 1562/1562 1627/1627 1626/1626
f 1562/1562 1563/1563 1627/1627
f 1563/1563 1628/1628 1627/1627
f 1563/1563 1564/1564 1628/1628
f 1564/1564 1629/1629 1628/1628
f 1564/1564 1565/1565 1629/1629
f 1565/1565 1630/1630 1629/1629
f 1565/1565 1566/1566 1630/1630
f 1566/1566 1631/1631 1630/1630
f 1566/1566 1567/1567 1631/1631
f 1567/1567 1632/1632 1631/1631
f 1567/1567 1568/1568 1632/1632
f 1568/1568 1633/1633 1632/1632
f 1568/1568 1569/1569 1633/1633
f 1569/1569 1634/1634 1633/1633
f 1569/1569 1570/1570 1634/1634
f 1570/1570 1635/1635 1634/1634
f 1570/1570 1571/1571 1635/1635
f 1571/1571 1636/1636 1635/1635
f 1571/1571 1572/1572 1636/1636
f 1572/1572 1637/1637 1636/1636
f 1572/1572 1573/1573 1637/1637
f 1573/1573 1638/1638 1637/1637
f 1573/1573 1574/1574 1638/1638
f 1574/1574 1639/1639 1638/1638
f 1574/1574 1575/1575 1639/1639
f 1575/1575 1640/1640 1639/1639
f 1575/1575 1576/1576 1640/1640
f 1576/1576 1641/1641 1640/1640
f 1576/1576 1577/1577 1641/1641
f 1577/1577 1642/1642 1641/1641
f 1577/1577 1578/1578 1642/1642
f 1578/1578 1643/1643 1642/1642
f 1578/1578 1579/1579 1643/1643
f 1579/1579 1644/1644 1643/1643
f 1579/1579 1580/1580 1644/1644
f 1580/1580 1645/1645 1644/1644
f 1580/1580 1581/1581 1645/1645
f 1581/1581 1646/1646 1645/1645
f 1581/1581 1582/1582 1646/1646
f 1582/1582 1647/1647 1646/1646
f 1582/1582 1583/1583 1647/1647
f 1583/1583 1648/1648 1647/1647
f 1583/1583 1584/1584 1648/1648
f 1584/1584 1649/1649 1648/1648
f 1584/1584 1585/1585 1649/1649
f 1585/1585 1650/1650 1649/1649
f 1585/1585 1586/1586 1650/1650
f 1586/1586 1651/1651 1650/1650
f 1586/1586 1587/1587 1651/1651
f 1587/1587 1652/1652 1651/1651
f 1587/1587 1588/1588 1652/1652
f 1588/1588 1653/1653 1652/1652
f 1588/1588 1589/1589 1653/1653
f 1589/1589 1654/1654 1653/1653
f 1589/1589 1590/1590 1654/1654
f 1590/1590 1655/1655 1654/1654
f 1590/1590 1591/1591 1655/1655
f 1591/1591 1656/1656 1655/1655
f 1591/1591 1592/1592 1656/1656
f 1592/1592 1657/1657 1656/1656
f 1592/1592 1593/1593 1657/1657
f 1593/1593 1658/1658 1657/1657
f 1593/1593 1594/1594 1658/1658
f 1594/1594 1659/1659 1658/1658
f 1594/1594 1595/1595 1659/1659
f 1595/1595 1660/1660 1659/1659
f 1595/1595 1596/1596 1660/1660
f 1596/1596 1661/1661 1660/1660
f 1596/1596 1597/1597 1661/1661
f 1597/1597 1662/1662 1661/1661
f 1597/1597 1598/1598 1662/1662
f 1598/1598 1663/1663 1662/1662
f 1598/1598 1599/1599 1663/1663
f 1599/1599 1664/1664 1663/1663
f 1599/1599 1600/1600 1664/1664
f 1600/1600 1665/1665 1664/1664
f 1600/1600 1601/1601 1665/1665
f 1601/1601 1666/1666 1665/1665
f 1601/1601 1602/1602 1666/1666
f 1602/1602 1667/1667 1666/1666
f 1602/1602 1603/1603 1667/1667
f 1603/1603 1668/1668 1667/1667
f 1603/1603 1604/1604 1668/1668
f 1604/1604 1669/1669 1668/1668
f 1604/1604 1605/1605 1669/1669
f 1605/1605 1670/1670 1669/1669
f 1605/1605 1606/1606 1670/1670
f 1606/1606 1671/1671 1670/1670
f 1606/1606 1607/1607 1671/1671
f 1607/1607 1672/1672 1671/1671
f 1607/1607 1608/1608 1672/1672
f 1608/1608 1673/1673 1672/1672
f 1608/1608 1609/1609 1673/1673
f 1609/1609 1674/1674 1673/1673
f 1609/1609 1610/1610 1674/1674
f 1610/1610 1675/1675 1674/1674
f 1610/1610 1611/1611 1675/1675
f 1611/1611 1676/1676 1675/1675
f 1611/1611 1612/1612 1676/1676
f 1612/1612 1677/1677 1676/1676
f 1612/1612 1613/1613 1677/1677
f 1613/1613 1678/1678 1677/1677
f 1613/1613 1614/1614 1678/1678
f 1614/1614 1679/1679 1678/1678
f 1614/1614 1615/1615 1679/1679
f 1615/1615 1680/1680 1679/1679
f 1615/1615 1616/1616 1680/1680
f 1616/1616 1681/1681 1680/1680
f 1616/1616 1617/1617 1681/1681
f 1617/1617 1682/1682 1681/1681
f 1617/1617 1618/1618 1682/1682
f 1618/1618 1683/1683 1682/1682
f 1618/1618 1619/1619 1683/1683
f 1619/1619 1684/1684 1683/1683
f 1619/1619 1620/1620 1684/1684
f 1620/1620 1685/1685 1684/1684
f 1620/1620 1621/1621 1685/1685
f 1621/1621 1686/1686 1685/1685
f 1621/1621 1622/1622 1686/1686
f 1622/1622 1687/1687 1686/1686
f 1622/1622 1623/1623 1687/1687
f 1623/1623 1688/1688 1687/1687
f 1623/1623 1624/1624 1688/1688
f 1624/1624 1689/1689 1688/1688
f 1624/1624 1625/1625 1689/1689
f 1625/1625 1690/1690 1689/1689
f 1626/1626 1627/1627 1691/1691
f 1627/1627 1692/1692 1691/1691
f 1627/1627 1628/1628 1692/1692
f 1628/1628 1693/1693 1692/1692
f 1628/1628 1629/1629 1693/1693
f 1629/1629 1694/1694 1693/1693
f 1629/1629 1630/1630 1694/1694
f 1630/1630 1695/1695 1694/1694
f 1630/1630 1631/1631 1695/1695
f 1631/1631 1696/1696 1695/1695
f 1631/1631 1632/1632 1696/1696
f 1632/1632 1697/1697 1696/1696
f 1632/1632 1633/1633 1697/1697
f 1633/1633 1698/1698 1697/1697
f 1633/1633 1634/1634 1698/1698
f 1634/1634 1699/1699 1698/1698
f 1634/1634 1635/1635 1699/1699
f 1635/1635 1700/1700 1699/1699
f 1635/1635 1636/1636 1700/1700
f 1636/1636 1701/1701 1700/1700
f 1636/1636 1637/1637 1701/1701
f 1637/1637 1702/1702 1701/1701
f 1637/1637 1638/1638 1702/1702
f 1638/1638 1703/1703 1702/1702
f 1638/1638 1639/1639 1703/1703
f 1639/1639 1704/1704 1703/1703
f 1639/1639 1640/1640 1704/1704
f 1640/1640 1705/1705 1704/1704
f 1640/1640 1641/1641 1705/1705
f 1641/1641 1706/1706 1705/1705
f 1641/1641 1642/1642 1706/1706
f 1642/1642 1707/1707 1706/1706
f 1642/1642 1643/1643 1707/1707
f 1643/1643 1708/1708 1707/1707
f 1643/1643 1644/1644 1708/1708
f 1644/1644 1709/1709 1708/1708
f 1644/1644 1645/1645 1709/1709
f 1645/1645 1710/1710 1709/1709
f 1645/1645 1646/1646 1710/1710
f 1646/1646 1711/1711 1710/1710
f 1646/1646 1647/1647 1711/1711
f 1647/1647 1712/1712 1711/1711
f 1647/1647 1648/1648 1712/1712
f 1648/1648 1713/1713 1712/1712
f 1648/1648 1649/1649 1713/1713
f 1649/1649 1714/1714 1713/1713
f 1649/1649 1650/1650 1714/1714
f 1650/1650 1715/1715 1714/1714
f 1650/1650 1651/1651 1715/1715
f 1651/1651 1716/1716 1715/1715
f 1651/1651 1652/1652 1716/1716
f 1652/1652 1717/1717 1716/1716
f 1652/1652 1653/1653 1717/1717
f 1653/1653 1718/1718 1717/1717
f 1653/1653 1654/1654 1718/1718
f 1654/1654 1719/1719 1718/1718
f 1654/1654 1655/1655 1719/1719
f 1655/1655 1720/1720 1719/1719
f 1655/1655 1656/1656 1720/1720
f 1656/1656 1721/1721 1720/1720
f 1656/1656 1657/1657 1721/1721
f 1657/1657 1722/1722 1721/1721
f 1657/1657 1658/1658 1722/1722
f 1658/1658 1723/1723 1722/1722
f 1658/1658 1659/1659 1723/1723
f 1659/1659 1724/1724 1723/1723
f 1659/1659 1660/1660 1724/1724
f 1660/1660 1725/1725 1724/1724
f 1660/1660 1661/1661 1725/1725
f 1661/1661 1726/1726 1725/1725
f 1661/1661 1662/1662 1726/1726
f 1662/1662 1727/1727 1726/1726
f 1662/1662 1663/1663 1727/1727
f 1663/1663 1728/1728 1727/1727
f 1663/1663 1664/1664 1728/1728
f 1664/1664 1729/1729 1728/1728
f 1664/1664 1665/1665 1729/1729
f 1665/1665 1730/1730 1729/1729
f 1665/1665 1666/1666 1730/1730
f 1666/1666 1731/1731 1730/1730
f 1666/1666 1667/1667 1731/1731
f 1667/1667 1732/1732 1731/1731
f 1667/1667 1668/1668 1732/1732
f 1668/1668 1733/1733 1732/1732
f 1668/1668 1669/1669 1733/1733
f 1669/1669 1734/1734 1733/1733
f 1669/1669 1670/1670 1734/1734
f 1670/1670 1735/1735 1734/1734
f 1670/1670 1671/1671 1735/1735
f 1671/1671 1736/1736 1735/1735
f 1671/1671 1672/1672 1736/1736
f 1672/1672 1737/1737 1736/1736
f 1672/1672 1673/1673 1737/1737
f 1673/1673 1738/1738 1737/1737
f 1673/1673 1674/1674 1738/1738
f 1674/1674 1739/1739 1738/1738
f 1674/1674 1675/1675 1739/1739
f 1675/1675 1740/1740 1739/1739
f 1675/1675 1676/1676 1740/1740
f 1676/1676 1741/1741 1740/1740
f 1676/1676 1677/1677 1741/1741
f 1677/1677 1742/1742 1741/1741
f 1677/1677 1678/1678 1742/1742
f 1678/1678 1743/1743 1742/1742
f 1678/1678 1679/1679 1743/1743
f 1679/1679 1744/1744 1743/1743
f 1679/1679 1680/1680 1744/1744
f 1680/1680 1745/1745 1744/1744
f 1680/1680 1681/1681 1745/1745
f 1681/1681 1746/1746 1745/1745
f 1681/1681 1682/1682 1746/1746
f 1682/1682 1747/1747 1746/1746
f 1682/1682 1683/1683 1747/1747
f 1683/1683 1748/1748 1747/1747
f 1683/1683 1684/1684 1748/1748
f 1684/1684 1749/1749 1748/1748
f 1684/1684 1685/1685 1749/1749
f 1685/1685 1750/1750 1749/1749
f 1685/1685 1686/1686 1750/1750
f 1686/1686 1751/1751 1750/1750
f 1686/1686 1687/1687 1751/1751
f 1687/1687 1752/1752 1751/1751
f 1687/1687 1688/1688 1752/1752
f 1688/1688 1753/1753 1752/1752
f 1688/1688 1689/1689 1753/1753
f 1689/1689 1754/1754 1753/1753
f 1689/1689 1690/1690 1754/1754
f 1690/1690 1755/1755 1754/1754
f 1691/1691 1692/1692 1756/1756
f 1692/1692 1757/1757 1756/1756
f 1692/1692 1693/1693 1757/1757
f 1693/1693 1758/1758 1757/1757
f 1693/1693 1694/1694 1758/1758
f 1694/1694 1759/1759 1758/1758
f 1694/1694 1695/1695 1759/1759
f 1695/1695 1760/1760 1759/1759
f 1695/1695 1696/1696 1760/1760
f 1696/1696 1761/1761 1760/1760
f 1696/1696 1697/1697 1761/1761
f 1697/1697 1762/1762 1761/1761
f 1697/1697 1698/1698 1762/1762
f 1698/1698 1763/1763 1762/1762
f 1698/1698 1699/1699 1763/1763
f 1699/1699 1764/1764 1763/1763
f 1699/1699 1700/1700 1764/1764
f 1700/1700 1765/1765 1764/1764
f 1700/1700 1701/1701 1765/1765
f 1701/1701 1766/1766 1765/1765
f 1701/1701 1702/1702 1766/1766
f 1702/1702 1767/1767 1766/1766
f 1702/1702 1703/1703 1767/1767
f 1703/1703 1768/1768 1767/1767
f 1703/1703 1704/1704 1768/1768
f 1704/1704 1769/1769 1768/1768
f 1704/1704 1705/1705 1769/1769
f 1705/1705 1770/1770 1769/1769
f 1705/1705 1706/1706 1770/1770
f 1706/1706 1771/1771 1770/1770
f 1706/1706 1707/1707 1771/1771
f 1707/1707 1772/1772 1771/1771
f 1707/1707 1708/1708 1772/1772
f 1708/1708 1773/1773 1772/1772
f 1708/1708 1709/1709 1773/1773
f 1709/1709 1774/1774 1773/1773
f 1709/1709 1710/1710 1774/1774
f 1710/1710 1775/1775 1774/1774
f 1710/1710 1711/1711 1775/1775
f 1711/1711 1776/1776 1775/1775
f 1711/1711 1712/1712 1776/1776
f 1712/1712 1777/1777 1776/1776
f 1712/1712 1713/1713 1777/1777
f 1713/1713 1778/1778 1777/1777
f 1713/1713 1714/1714 1778/1778
f 1714/1714 1779/1779 1778/1778
f 1714/1714 1715/1715 1779/1779
f 1715/1715 1780/1780 1779/1779
f 1715/1715 1716/1716 1780/1780
f 1716/1716 1781/1781 1780/1780
f 1716/1716 1717/1717 1781/1781
f 1717/1717 1782/1782 1781/1781
f 1717/1717 1718/1718 1782/1782
f 1718/1718 1783/1783 1782/1782
f 1718/1718 1719/1719 1783/1783
f 1719/1719 1784/1784 1783/1783
f 1719/1719 1720/1720 1784/1784
f 1720/1720 1785/1785 1784/1784
f 1720/1720 1721/1721 1785/1785
f 1721/1721 1786/1786 1785/1785
f 1721/1721 1722/1722 1786/1786
f 1722/1722 1787/1787 1786/1786
f 1722/1722 1723/1723 1787/1787
f 1723/1723 1788/1788 1787/1787
f 1723/1723 1724/1724 1788/1788
f 1724/1724 1789/1789 1788/1788
f 1724/1724 1725/1725 1789/1789
f 1725/1725 1790/1790 1789/1789
f 1725/1725 1726/1726 1790/1790
f 1726/1726 1791/1791 1790/1790
f 1726/1726 1727/1727 1791/1791
f 1727/1727 1792/1792 1791/1791
f 1727/1727 1728/1728 1792/1792
f 1728/1728 1793/1793 1792/1792
f 1728/1728 1729/1729 1793/1793
f 1729/1729 1794/1794 1793/1793
f 1729/1729 1730/1730 1794/1794
f 1730/1730 1795/1795 1794/1794
f 1730/1730 1731/1731 1795/1795
f 1731/1731 1796/1796 1795/1795
f 1731/1731 1732/1732 1796/1796
f 1732/1732 1797/1797 1796/1796
f 1732/1732 1733/1733 1797/1797
f 1733/1733 1798/1798 1797/1797
f 1733/1733 1734/1734 1798/1798
f 1734/1734 1799/1799 1798/1798
f 1734/1734 1735/1735 1799/1799
f 1735/1735 1800/1800 1799/1799
f 1735/1735 1736/1736 1800/1800
f 1736/1736 1801/1801 1800/1800
f 1736/1736 1737/1737 1801/1801
f 1737/1737 1802/1802 1801/1801
f 1737/1737 1738/1738 1802/1802
f 1738/1738 1803/1803 1802/1802
f 1738/1738 1739/1739 1803/1803
f 1739/1739 1804/1804 1803/1803
f 1739/1739 1740/1740 1804/1804
f 1740/1740 1805/1805 1804/1804
f 1740/1740 1741/1741 1805/1805
f 1741/1741 1806/1806 1805/1805
f 1741/1741 1742/1742 1806/1806
f 1742/1742 1807/1807 1806/1806
f 1742/1742 1743/1743 1807/1807
f 1743/1743 1808/1808 1807/1807
f 1743/1743 1744/1744 1808/1808
f 1744/1744 1809/1809 1808/1808
f 1744/1744 1745/1745 1809/1809
f 1745/1745 1810/1810 1809/1809
f 1745/1745 1746/1746 1810/1810
f 1746/1746 1811/1811 1810/1810
f 1746/1746 1747/1747 1811/1811
f 1747/1747 1812/1812 1811/1811
f 1747/1747 1748/1748 1812/1812
f 1748/1748 1813/1813 1812/1812
f 1748/1748 1749/1749 1813/1813
f 1749/1749 1814/1814 1813/1813
f 1749/1749 1750/1750 1814/1814
f 1750/1750 1815/1815 1814/1814
f 1750/1750 1751/1751 1815/1815
f 1751/1751 1816/1816 1815/1815
f 1751/1751 1752/1752 1816/1816
f 1752/1752 1817/1817 1816/1816
f 1752/1752 1753/1753 1817/1817
f 1753/1753 1818/1818 1817/1817
f 1753/1753 1754/1754 1818/1818
f 1754/1754 1819/1819 1818/1818
f 1754/1754 1755/1755 1819/1819
f 1755/1755 1820/1820 1819/1819
f 1756/1756 1757/1757 1821/1821
f 1757/1757 1822/1822 1821/1821
f 1757/1757 1758/1758 1822/1822
f 1758/1758 1823/1823 1822/1822
f 1758/1758 1759/1759 1823/1823
f 1759/1759 1824/1824 1823/1823
f 1759/1759 1760/1760 1824/1824
f 1760/1760 1825/1825 1824/1824
f 1760/1760 1761/1761 1825/1825
f 1761/1761 1826/1826 1825/1825
f 1761/1761 1762/1762 1826/1826
f 1762/1762 1827/1827 1826/1826
f 1762/1762 1763/1763 1827/1827
f 1763/1763 1828/1828 1827/1827
f 1763/1763 1764/1764 1828/1828
f 1764/1764 1829/1829 1828/1828
f 1764/1764 1765/1765 1829/1829
f 1765/1765 1830/1830 1829/1829
f 1765/1765 1766/1766 1830/1830
f 1766/1766 1831/1831 1830/1830
f 1766/1766 1767/1767 1831/1831
f 1767/1767 1832/1832 1831/1831
f 1767/1767 1768/1768 1832/1832
f 1768/1768 1833/1833 1832/1832
f 1768/1768 1769/1769 1833/1833
f 1769/1769 1834/1834 1833/1833
f 1769/1769 1770/1770 1834/1834
f 1770/1770 1835/1835 1834/1834
f 1770/1770 1771/1771 1835/1835
f 1771/1771 1836/1836 1835/1835
f 1771/1771 1772/1772 1836/1836
f 1772/1772 1837/1837 1836/1836
f 1772/1772 1773/1773 1837/1837
f 1773/1773 1838/1838 1837/1837
f 1773/1773 1774/1774 1838/1838
f 1774/1774 1839/1839 1838/1838
f 1774/1774 1775/1775 1839/1839
f 1775/1775 1840/1840 1839/1839
f 1775/1775 1776/1776 1840/1840
f 1776/1776 1841/1841 1840/1840
f 1776/1776 1777/1777 1841/1841
f 1777/1777 1842/1842 1841/1841
f 1777/1777 1778/1778 1842/1842
f 1778/1778 1843/1843 1842/1842
f 1778/1778 1779/1779 1843/1843
f 1779/1779 1844/1844 1843/1843
f 1779/1779 1780/1780 1844/1844
f 1780/1780 1845/1845 1844/1844
f 1780/1780 1781/1781 1845/1845
f 1781/1781 1846/1846 1845/1845
f 1781/1781 1782/1782 1846/1846
f 1782/1782 1847/1847 1846/1846
f 1782/1782 1783/1783 1847/1847
f 1783/1783 1848/1848 1847/1847
f 1783/1783 1784/1784 1848/1848
f 1784/1784 1849/1849 1848/1848
f 1784/1784 1785/1785 1849/1849
f 1785/1785 1850/1850 1849/1849
f 1785/1785 1786/1786 1850/1850
f 1786/1786 1851/1851 1850/1850
f 1786/1786 1787/1787 1851/1851
f 1787/1787 1852/1852 1851/1851
f 1787/1787 1788/1788 1852/1852
f 1788/1788 1853/1853 1852/1852
f 1788/1788 1789/1789 1853/1853
f 1789/1789 1854/1854 1853/1853
f 1789/1789 1790/1790 1854/1854
f 1790/1790 1855/1855 1854/1854
f 1790/1790 1791/1791 1855/1855
f 1791/1791 1856/1856 1855/1855
f 1791/1791 1792/1792 1856/1856
f 1792/1792 1857/1857 1856/1856
f 1792/1792 1793/1793 1857/1857
f 1793/1793 1858/1858 1857/1857
f 1793/1793 1794/1794 1858/1858
f 1794/1794 1859/1859 1858/1858
f 1794/1794 1795/1795 1859/1859
f 1795/1795 1860/1860 1859/1859
f 1795/1795 1796/1796 1860/1860
f 1796/1796 1861/1861 1860/1860
f 1796/1796 1797/1797 1861/1861
f 1797/1797 1862/1862 1861/1861
f 1797/1797 1798/1798 1862/1862
f 1798/1798 1863/1863 1862/1862
f 1798/1798 1799/1799 1863/1863
f 1799/1799 1864/1864 1863/1863
f 1799/1799 1800/1800 1864/1864
f 1800/1800 1865/1865 1864/1864
f 1800/1800 1801/1801 1865/1865
f 1801/1801 1866/1866 1865/1865
f 1801/1801 1802/1802 1866/1866
f 1802/1802 1867/1867 1866/1866
f 1802/1802 1803/1803 1867/1867
f 1803/1803 1868/1868 1867/1867
f 1803/1803 1804/1804 1868/1868
f 1804/1804 1869/1869 1868/1868
f 1804/1804 1805/1805 1869/1869
f 1805/1805 1870/1870 1869/1869
f 1805/1805 1806/1806 1870/1870
f 1806/1806 1871/1871 1870/1870
f 1806/1806 1807/1807 1871/1871
f 1807/1807 1872/1872 1871/1871
f 1807/1807 1808/1808 1872/1872
f 1808/1808 1873/1873 1872/1872
f 1808/1808 1809/1809 1873/1873
f 1809/1809 1874/1874 1873/1873
f 1809/1809 1810/1810 1874/1874
f 1810/1810 1875/1875 1874/1874
f 1810/1810 1811/1811 1875/1875
f 1811/1811 1876/1876 1875/1875
f 1811/1811 1812/1812 1876/1876
f 1812/1812 1877/1877 1876/1876
f 1812/1812 1813/1813 1877/1877
f 1813/1813 1878/1878 1877/1877
f 1813/1813 1814/1814 1878/1878
f 1814/1814 1879/1879 1878/1878
f 1814/1814 1815/1815 1879/1879
f 1815/1815 1880/1880 1879/1879
f 1815/1815 1816/1816 1880/1880
f 1816/1816 1881/1881 1880/1880
f 1816/1816 1817/1817 1881/1881
f 1817/1817 1882/1882 1881/1881
f 1817/1817 1818/1818 1882/1882
f 1818/1818 1883/1883 1882/1882
f 1818/1818 1819/1819 1883/1883
f 1819/1819 1884/1884 1883/1883
f 1819/1819 1820/1820 1884/1884
f 1820/1820 1885/1885 1884/1884
f 1821/1821 1822/1822 1886/1886
f 1822/1822 1887/1887 1886/1886
f 1822/1822 1823/1823 1887/1887
f 1823/1823 1888/1888 1887/1887
f 1823/1823 1824/1824 1888/1888
f 1824/1824 1889/1889 1888/1888
f 1824/1824 1825/1825 1889/1889
f 1825/1825 1890/1890 1889/1889
f 1825/1825 1826/1826 1890/1890
f 1826/1826 1891/1891 1890/1890
f 1826/1826 1827/1827 1891/1891
f 1827/1827 1892/1892 1891/1891
f 1827/1827 1828/1828 1892/1892
f 1828/1828 1893/1893 1892/1892
f 1828/1828 1829/1829 1893/1893
f 1829/1829 1894/1894 1893/1893
f 1829/1829 1830/1830 1894/1894
f 1830/1830 1895/1895 1894/1894
f 1830/1830 1831/1831 1895/1895
f 1831/1831 1896/1896 1895/1895
f 1831/1831 1832/1832 1896/1896
f 1832/1832 1897/1897 1896/1896
f 1832/1832 1833/1833 1897/1897
f 1833/1833 1898/1898 1897/1897
f 1833/1833 1834/1834 1898/1898
f 1834/1834 1899/1899 1898/1898
f 1834/1834 1835/1835 1899/1899
f 1835/1835 1900/1900 1899/1899
f 1835/1835 1836/1836 1900/1900
f 1836/1836 1901/1901 1900/1900
f 1836/1836 1837/1837 1901/1901
f 1837/1837 1902/1902 1901/1901
f 1837/1837 1838/1838 1902/1902
f 1838/1838 1903/1903 1902/1902
f 1838/1838 1839/1839 1903/1903
f 1839/1839 1904/1904 1903/1903
f 1839/1839 1840/1840 1904/1904
f 1840/1840 1905/1905 1904/1904
f 1840/1840 1841/1841 1905/1905
f 1841/1841 1906/1906 1905/1905
f 1841/1841 1842/1842 1906/1906
f 1842/1842 1907/1907 1906/1906
f 1842/1842 1843/1843 1907/1907
f 1843/1843 1908/1908 1907/1907
f 1843/1843 1844/1844 1908/1908
f 1844/1844 1909/1909 1908/1908
f 1844/1844 1845/1845 1909/1909
f 1845/1845 1910/1910 1909/1909
f 1845/1845 1846/1846 1910/1910
f 1846/1846 1911/1911 1910/1910
f 1846/1846 1847/1847 1911/1911
f 1847/1847 1912/1912 1911/1911
f 1847/1847 1848/1848 1912/1912
f 1848/1848 1913/1913 1912/1912
f 1848/1848 1849/1849 1913/1913
f 1849/1849 1914/1914 1913/1913
f 1849/1849 1850/1850 1914/1914
f 1850/1850 1915/1915 1914/1914
f 1850/1850 1851/1851 1915/1915
f 1851/1851 1916/1916 1915/1915
f 1851/1851 1852/1852 1916/1916
f 1852/1852 1917/1917 1916/1916
f 1852/1852 1853/1853 1917/1917
f 1853/1853 1918/1918 1917/1917
f 1853/1853 1854/1854 1918/1918
f 1854/1854 1919/1919 1918/1918
f 1854/1854 1855/1855 1919/1919
f 1855/1855 1920/1920 1919/1919
f 1855/1855 1856/1856 1920/1920
f 1856/1856 1921/1921 1920/1920
f 1856/1856 1857/1857 1921/1921
f 1857/1857 1922/1922 1921/1921
f 1857/1857 1858/1858 1922/1922
f 1858/1858 1923/1923 1922/1922
f 1858/1858 1859/1859 1923/1923
f 1859/1859 1924/1924 1923/1923
f 1859/1859 1860/1860 1924/1924
f 1860/1860 1925/1925 1924/1924
f 1860/1860 1861/1861 1925/1925
f 1861/1861 1926/1926 1925/1925
f 1861/1861 1862/1862 1926/1926
f 1862/1862 1927/1927 1926/1926
f 1862/1862 1863/1863 1927/1927
f 1863/1863 1928/1928 1927/1927
f 1863/1863 1864/1864 1928/1928
f 1864/1864 1929/1929 1928/1928
f 1864/1864 1865/1865 1929/1929
f 1865/1865 1930/1930 1929/1929
f 1865/1865 1866/1866 1930/1930
f 1866/1866 1931/1931 1930/1930
f 1866/1866 1867/1867 1931/1931
f 1867/1867 1932/1932 1931/1931
f 1867/1867 1868/1868 1932/1932
f 1868/1868 1933/1933 1932/1932
f 1868/1868 1869/1869 1933/1933
f 1869/1869 1934/1934 1933/1933
f 1869/1869 1870/1870 1934/1934
f 1870/1870 1935/1935 1934/1934
f 1870/1870 1871/1871 1935/1935
f 1871/1871 1936/1936 1935/1935
f 1871/1871 1872/1872 1936/1936
f 1872/1872 1937/1937 1936/1936
f 1872/1872 1873/1873 1937/1937
f 1873/1873 1938/1938 1937/1937
f 1873/1873 1874/1874 1938/1938
f 1874/1874 1939/1939 1938/1938
f 1874/1874 1875/1875 1939/1939
f 1875/1875 1940/1940 1939/1939
f 1875/1875 1876/1876 1940/1940
f 1876/1876 1941/1941 1940/1940
f 1876/1876 1877/1877 1941/1941
f 1877/1877 1942/1942 1941/1941
f 1877/1877 1878/1878 1942/1942
f 1878/1878 1943/1943 1942/1942
f 1878/1878 1879/1879 1943/1943
f 1879/1879 1944/1944 1943/1943
f 1879/1879 1880/1880 1944/1944
f 1880/1880 1945/1945 1944/1944
f 1880/1880 1881/1881 1945/1945
f 1881/1881 1946/1946 1945/1945
f 1881/1881 1882/1882 1946/1946
f 1882/1882 1947/1947 1946/1946
f 1882/1882 1883/1883 1947/1947
f 1883/1883 1948/1948 1947/1947
f 1883/1883 1884/1884 1948/1948
f 1884/1884 1949/1949 1948/1948
f 1884/1884 1885/1885 1949/1949
f 1885/1885 1950/1950 1949/1949
f 1886/1886 1887/1887 1951/1951
f 1887/1887 1952/1952 1951/1951
f 1887/1887 1888/1888 1952/1952
f 1888/1888 1953/1953 1952/1952
f 1888/1888 1889/1889 1953/1953
f 1889/1889 1954/1954 1953/1953
f 1889/1889 1890/1890 1954/1954
f 1890/1890 1955/1955 1954/1954
f 1890/1890 1891/1891 1955/1955
f 1891/1891 1956/1956 1955/1955
f 1891/1891 1892/1892 1956/1956
f 1892/1892 1957/1957 1956/1956
f 1892/1892 1893/1893 1957/1957
f 1893/1893 1958/1958 1957/1957
f 1893/1893 1894/1894 1958/1958
f 1894/1894 1959/1959 1958/1958
f 1894/1894 1895/1895 1959/1959
f 1895/1895 1960/1960 1959/1959
f 1895/1895 1896/1896 1960/1960
f 1896/1896 1961/1961 1960/1960
f 1896/1896 1897/1897 1961/1961
f 1897/1897 1962/1962 1961/1961
f 1897/1897 1898/1898 1962/1962
f 1898/1898 1963/1963 1962/1962
f 1898/1898 1899/1899 1963/1963
f 1899/1899 1964/1964 1963/1963
f 1899/1899 1900/1900 1964/1964
f 1900/1900 1965/1965 1964/1964
f 1900/1900 1901/1901 1965/1965
f 1901/1901 1966/1966 1965/1965
f 1901/1901 1902/1902 1966/1966
f 1902/1902 1967/1967 1966/1966
f 1902/1902 1903/1903 1967/1967
f 1903/1903 1968/1968 1967/1967
f 1903/1903 1904/1904 1968/1968
f 1904/1904 1969/1969 1968/1968
f 1904/1904 1905/1905 1969/1969
f 1905/1905 1970/1970 1969/1969
f 1905/1905 1906/1906 1970/1970
f 1906/1906 1971/1971 1970/1970
f 1906/1906 1907/1907 1971/1971
f 1907/1907 1972/1972 1971/1971
f 1907/1907 1908/1908 1972/1972
f 1908/1908 1973/1973 1972/1972
f 1908/1908 1909/1909 1973/1973
f 1909/1909 1974/1974 1973/1973
f 1909/1909 1910/1910 1974/1974
f 1910/1910 1975/1975 1974/1974
f 1910/1910 1911/1911 1975/1975
f 1911/1911 1976/1976 1975/1975
f 1911/1911 1912/1912 1976/1976
f 1912/1912 1977/1977 1976/1976
f 1912/1912 1913/1913 1977/1977
f 1913/1913 1978/1978 1977/1977
f 1913/1913 1914/1914 1978/1978
f 1914/1914 1979/1979 1978/1978
f 1914/1914 1915/1915 1979/1979
f 1915/1915 1980/1980 1979/1979
f 1915/1915 1916/1916 1980/1980
f 1916/1916 1981/1981 1980/1980
f 1916/1916 1917/1917 1981/1981
f 1917/1917 1982/1982 1981/1981
f 1917/1917 1918/1918 1982/1982
f 1918/1918 1983/1983 1982/1982
f 1918/1918 1919/1919 1983/1983
f 1919/1919 1984/1984 1983/1983
f 1919/1919 1920/1920 1984/1984
f 1920/1920 1985/1985 1984/1984
f 1920/1920 1921/1921 1985/1985
f 1921/1921 1986/1986 1985/1985
f 1921/1921 1922/1922 1986/1986
f 1922/1922 1987/1987 1986/1986
f 1922/1922 1923/1923 1987/1987
f 1923/1923 1988/1988 1987/1987
f 1923/1923 1924/1924 1988/1988
f 1924/1924 1989/1989 1988/1988
f 1924/1924 1925/1925 1989/1989
f 1925/1925 1990/1990 1989/1989
f 1925/1925 1926/1926 1990/1990
f 1926/1926 1991/1991 1990/1990
f 1926/1926 1927/1927 1991/1991
f 1927/1927 1992/1992 1991/1991
f 1927/1927 1928/1928 1992/1992
f 1928/1928 1993/1993 1992/1992
f 1928/1928 1929/1929 1993/1993
f 1929/1929 1994/1994 1993/1993
f 1929/1929 1930/1930 1994/1994
f 1930/1930 1995/1995 1994/1994
f 1930/1930 1931/1931 1995/1995
f 1931/1931 1996/1996 1995/1995
f 1931/1931 1932/1932 1996/1996
f 1932/1932 1997/1997 1996/1996
f 1932/1932 1933/1933 1997/1997
f 1933/1933 1998/1998 1997/1997
f 1933/1933 1934/1934 1998/1998
f 1934/1934 1999/1999 1998/1998
f 1934/1934 1935/1935 1999/1999
f 1935/1935 2000/2000 1999/1999
f 1935/1935 1936/1936 2000/2000
f 1936/1936 2001/2001 2000/2000
f 1936/1936 1937/1937 2001/2001
f 1937/1937 2002/2002 2001/2001
f 1937/1937 1938/1938 2002/2002
f 1938/1938 2003/2003 2002/2002
f 1938/1938 1939/1939 2003/2003
f 1939/1939 2004/2004 2003/2003
f 1939/1939 1940/1940 2004/2004
f 1940/1940 2005/2005 2004/2004
f 1940/1940 1941/1941 2005/2005
f 1941/1941 2006/2006 2005/2005
f 1941/1941 1942/1942 2006/2006
f 1942/1942 2007/2007 2006/2006
f 1942/1942 1943/1943 2007/2007
f 1943/1943 2008/2008 2007/2007
f 1943/1943 1944/1944 2008/2008
f 1944/1944 2009/2009 2008/2008
f 1944/1944 1945/1945 2009/2009
f 1945/1945 2010/2010 2009/2009
f 1945/1945 1946/1946 2010/2010
f 1946/1946 2011/2011 2010/2010
f 1946/1946 1947/1947 2011/2011
f 1947/1947 2012/2012 2011/2011
f 1947/1947 1948/1948 2012/2012
f 1948/1948 2013/2013 2012/2012
f 1948/1948 1949/1949 2013/2013
f 1949/1949 2014/2014 2013/2013
f 1949/1949 1950/1950 2014/2014
f 1950/1950 2015/2015 2014/2014
f 1951/1951 1952/1952 2016/2016
f 1952/1952 2017/2017 2016/2016
f 1952/1952 1953/1953 2017/2017
f 1953/1953 2018/2018 2017/2017
f 1953/1953 1954/1954 2018/2018
f 1954/1954 2019/2019 2018/2018
f 1954/1954 1955/1955 2019/2019
f 1955/1955 2020/2020 2019/2019
f 1955/1955 1956/1956 2020/2020
f 1956/1956 2021/2021 2020/2020
f 1956/1956 1957/1957 2021/2021
f 1957/1957 2022/2022 2021/2021
f 1957/1957 1958/1958 2022/2022
f 1958/1958 2023/2023 2022/2022
f 1958/1958 1959/1959 2023/2023
f 1959/1959 2024/2024 2023/2023
f 1959/1959 1960/1960 2024/2024
f 1960/1960 2025/2025 2024/2024
f 1960/1960 1961/1961 2025/2025
f 1961/1961 2026/2026 2025/2025
f 1961/1961 1962/1962 2026/2026
f 1962/1962 2027/2027 2026/2026
f 1962/1962 1963/1963 2027/2027
f 1963/1963 2028/2028 2027/2027
f 1963/1963 1964/1964 2028/2028
f 1964/1964 2029/2029 2028/2028
f 1964/1964 1965/1965 2029/2029
f 1965/1965 2030/2030 2029/2029
f 1965/1965 1966/1966 2030/2030
f 1966/1966 2031/2031 2030/2030
f 1966/1966 1967/1967 2031/2031
f 1967/1967 2032/2032 2031/2031
f 1967/1967 1968/1968 2032/2032
f 1968/1968 2033/2033 2032/2032
f 1968/1968 1969/1969 2033/2033
f 1969/1969 2034/2034 2033/2033
f 1969/1969 1970/1970 2034/2034
f 1970/1970 2035/2035 2034/2034
f 1970/1970 1971/1971 2035/2035
f 1971/1971 2036/2036 2035/2035
f 1971/1971 1972/1972 2036/2036
f 1972/1972 2037/2037 2036/2036
f 1972/1972 1973/1973 2037/2037
f 1973/1973 2038/2038 2037/2037
f 1973/1973 1974/1974 2038/2038
f 1974/1974 2039/2039 2038/2038
f 1974/1974 1975/1975 2039/2039
f 1975/1975 2040/2040 2039/2039
f 1975/1975 1976/1976 2040/2040
f 1976/1976 2041/2041 2040/2040
f 1976/1976 1977/1977 2041/2041
f 1977/1977 2042/2042 2041/2041
f 1977/1977 1978/1978 2042/2042
f 1978/1978 2043/2043 2042/2042
f 1978/1978 1979/1979 2043/2043
f 1979/1979 2044/2044 2043/2043
f 1979/1979 1980/1980 2044/2044
f 1980/1980 2045/2045 2044/2044
f 1980/1980 1981/1981 2045/2045
f 1981/1981 2046/2046 2045/2045
f 1981/1981 1982/1982 2046/2046
f 1982/1982 2047/2047 2046/2046
f 1982/1982 1983/1983 2047/2047
f 1983/1983 2048/2048 2047/2047
f 1983/1983 1984/1984 2048/2048
f 1984/1984 2049/2049 2048/2048
f 1984/1984 1985/1985 2049/2049
f 1985/1985 2050/2050 2049/2049
f 1985/1985 1986/1986 2050/2050
f 1986/1986 2051/2051 2050/2050
f 1986/1986 1987/1987 2051/2051
f 1987/1987 2052/2052 2051/2051
f 1987/1987 1988/1988 2052/2052
f 1988/1988 2053/2053 2052/2052
f 1988/1988 1989/1989 2053/2053
f 1989/1989 2054/2054 2053/2053
f 1989/1989 1990/1990 2054/2054
f 1990/1990 2055/2055 2054/2054
f 1990/1990 1991/1991 2055/2055
f 1991/1991 2056/2056 2055/2055
f 1991/1991 1992/1992 2056/2056
f 1992/1992 2057/2057 2056/2056
f 1992/1992 1993/1993 2057/2057
f 1993/1993 2058/2058 2057/2057
f 1993/1993 1994/1994 2058/2058
f 1994/1994 2059/2059 2058/2058
f 1994/1994 1995/1995 2059/2059
f 1995/1995 2060/2060 2059/2059
f 1995/1995 1996/1996 2060/2060
f 1996/1996 2061/2061 2060/2060
f 1996/1996 1997/1997 2061/2061
f 1997/1997 2062/2062 2061/2061
f 1997/1997 1998/1998 2062/2062
f 1998/1998 2063/2063 2062/2062
f 1998/1998 1999/1999 2063/2063
f 1999/1999 2064/2064 2063/2063
f 1999/1999 2000/2000 2064/2064
f 2000/2000 2065/2065 2064/2064
f 2000/2000 2001/2001 2065/2065
f 2001/2001 2066/2066 2065/2065
f 2001/2001 2002/2002 2066/2066
f 2002/2002 2067/2067 2066/2066
f 2002/2002 2003/2003 2067/2067
f 2003/2003 2068/2068 2067/2067
f 2003/2003 2004/2004 2068/2068
f 2004/2004 2069/2069 2068/2068
f 2004/2004 2005/2005 2069/2069
f 2005/2005 2070/2070 2069/2069
f 2005/2005 2006/2006 2070/2070
f 2006/2006 2071/2071 2070/2070
f 2006/2006 2007/2007 2071/2071
f 2007/2007 2072/2072 2071/2071
f 2007/2007 2008/2008 2072/2072
f 2008/2008 2073/2073 2072/2072
f 2008/2008 2009/2009 2073/2073
f 2009/2009 2074/2074 2073/2073
f 2009/2009 2010/2010 2074/2074
f 2010/2010 2075/2075 2074/2074
f 2010/2010 2011/2011 2075/2075
f 2011/2011 2076/2076 2075/2075
f 2011/2011 2012/2012 2076/2076
f 2012/2012 2077/2077 2076/2076
f 2012/2012 2013/2013 2077/2077
f 2013/2013 2078/2078 2077/2077
f 2013/2013 2014/2014 2078/2078
f 2014/2014 2079/2079 2078/2078
f 2014/2014 2015/2015 2079/2079
f 2015/2015 2080/2080 2079/2079
f 2016/2016 2017/2017 2081/2081
f 2017/2017 2018/2018 2082/2082
f 2018/2018 2019/2019 2083/2083
f 2019/2019 2020/2020 2084/2084
f 2020/2020 2021/2021 2085/2085
f 2021/2021 2022/2022 2086/2086
f 2022/2022 2023/2023 2087/2087
f 2023/2023 2024/2024 2088/2088
f 2024/2024 2025/2025 2089/2089
f 2025/2025 2026/2026 2090/2090
f 2026/2026 2027/2027 2091/2091
f 2027/2027 2028/2028 2092/2092
f 2028/2028 2029/2029 2093/2093
f 2029/2029 2030/2030 2094/2094
f 2030/2030 2031/2031 2095/2095
f 2031/2031 2032/2032 2096/2096
f 2032/2032 2033/2033 2097/2097
f 2033/2033 2034/2034 2098/2098
f 2034/2034 2035/2035 2099/2099
f 2035/2035 2036/2036 2100/2100
f 2036/2036 2037/2037 2101/2101
f 2037/2037 2038/2038 2102/2102
f 2038/2038 2039/2039 2103/2103
f 2039/2039 2040/2040 2104/2104
f 2040/2040 2041/2041 2105/2105
f 2041/2041 2042/2042 2106/2106
f 2042/2042 2043/2043 2107/2107
f 2043/2043 2044/2044 2108/2108
f 2044/2044 2045/2045 2109/2109
f 2045/2045 2046/2046 2110/2110
f 2046/2046 2047/2047 2111/2111
f 2047/2047 2048/2048 2112/2112
f 2048/2048 2049/2049 2113/2113
f 2049/2049 2050/2050 2114/2114
f 2050/2050 2051/2051 2115/2115
f 2051/2051 2052/2052 2116/2116
f 2052/2052 2053/2053 2117/2117
f 2053/2053 2054/2054 2118/2118
f 2054/2054 2055/2055 2119/2119
f 2055/2055 2056/2056 2120/2120
f 2056/2056 2057/2057 2121/2121
f 2057/2057 2058/2058 2122/2122
f 2058/2058 2059/2059 2123/2123
f 2059/2059 2060/2060 2124/2124
f 2060/2060 2061/2061 2125/2125
f 2061/2061 2062/2062 2126/2126
f 2062/2062 2063/2063 2127/2127
f 2063/2063 2064/2064 2128/2128
f 2064/2064 2065/2065 2129/2129
f 2065/2065 2066/2066 2130/2130
f 2066/2066 2067/2067 2131/2131
f 2067/2067 2068/2068 2132/2132
f 2068/2068 2069/2069 2133/2133
f 2069/2069 2070/2070 2134/2134
f 2070/2070 2071/2071 2135/2135
f 2071/2071 2072/2072 2136/2136
f 2072/2072 2073/2073 2137/2137
f 2073/2073 2074/2074 2138/2138
f 2074/2074 2075/2075 2139/2139
f 2075/2075 2076/2076 2140/2140
f 2076/2076 2077/2077 2141/2141
f 2077/2077 2078/2078 2142/2142
f 2078/2078 2079/2079 2143/2143
f 2079/2079 2080/2080 2144/2144
